ISO-10303-21;
HEADER;
FILE_DESCRIPTION((''),'2;1');
FILE_NAME('022053061','2013-12-23T',('me'),(''),
'PRO/ENGINEER BY PARAMETRIC TECHNOLOGY CORPORATION, 2011490',
'PRO/ENGINEER BY PARAMETRIC TECHNOLOGY CORPORATION, 2011490','');
FILE_SCHEMA(('CONFIG_CONTROL_DESIGN'));
ENDSEC;
DATA;
#1=DIRECTION('',(0.E0,-1.E0,0.E0));
#2=VECTOR('',#1,1.25E-1);
#3=CARTESIAN_POINT('',(-2.97E-1,6.25E-2,1.25E-1));
#4=LINE('',#3,#2);
#5=DIRECTION('',(0.E0,0.E0,-1.E0));
#6=VECTOR('',#5,2.5E-1);
#7=CARTESIAN_POINT('',(-2.97E-1,-6.25E-2,1.25E-1));
#8=LINE('',#7,#6);
#9=DIRECTION('',(0.E0,1.E0,0.E0));
#10=VECTOR('',#9,1.25E-1);
#11=CARTESIAN_POINT('',(-2.97E-1,-6.25E-2,-1.25E-1));
#12=LINE('',#11,#10);
#13=DIRECTION('',(0.E0,0.E0,1.E0));
#14=VECTOR('',#13,2.5E-1);
#15=CARTESIAN_POINT('',(-2.97E-1,6.25E-2,-1.25E-1));
#16=LINE('',#15,#14);
#17=DIRECTION('',(0.E0,1.E0,0.E0));
#18=VECTOR('',#17,4.E-2);
#19=CARTESIAN_POINT('',(-2.97E-1,-1.E-2,-9.E-2));
#20=LINE('',#19,#18);
#21=DIRECTION('',(0.E0,0.E0,1.E0));
#22=VECTOR('',#21,1.8E-1);
#23=CARTESIAN_POINT('',(-2.97E-1,-1.E-2,-9.E-2));
#24=LINE('',#23,#22);
#25=DIRECTION('',(0.E0,1.E0,0.E0));
#26=VECTOR('',#25,4.E-2);
#27=CARTESIAN_POINT('',(-2.97E-1,-1.E-2,9.E-2));
#28=LINE('',#27,#26);
#29=DIRECTION('',(0.E0,0.E0,1.E0));
#30=VECTOR('',#29,1.8E-1);
#31=CARTESIAN_POINT('',(-2.97E-1,3.E-2,-9.E-2));
#32=LINE('',#31,#30);
#33=DIRECTION('',(0.E0,1.E0,0.E0));
#34=VECTOR('',#33,2.5E-2);
#35=CARTESIAN_POINT('',(2.325E-1,-6.25E-2,1.25E-1));
#36=LINE('',#35,#34);
#37=DIRECTION('',(0.E0,1.E0,0.E0));
#38=VECTOR('',#37,2.5E-2);
#39=CARTESIAN_POINT('',(1.675E-1,-6.25E-2,1.25E-1));
#40=LINE('',#39,#38);
#41=DIRECTION('',(-1.E0,0.E0,0.E0));
#42=VECTOR('',#41,3.5E-2);
#43=CARTESIAN_POINT('',(1.675E-1,-3.75E-2,1.25E-1));
#44=LINE('',#43,#42);
#45=DIRECTION('',(0.E0,1.E0,0.E0));
#46=VECTOR('',#45,2.5E-2);
#47=CARTESIAN_POINT('',(1.325E-1,-6.25E-2,1.25E-1));
#48=LINE('',#47,#46);
#49=DIRECTION('',(0.E0,1.E0,0.E0));
#50=VECTOR('',#49,2.5E-2);
#51=CARTESIAN_POINT('',(6.75E-2,-6.25E-2,1.25E-1));
#52=LINE('',#51,#50);
#53=DIRECTION('',(-1.E0,0.E0,0.E0));
#54=VECTOR('',#53,3.5E-2);
#55=CARTESIAN_POINT('',(6.75E-2,-3.75E-2,1.25E-1));
#56=LINE('',#55,#54);
#57=DIRECTION('',(0.E0,1.E0,0.E0));
#58=VECTOR('',#57,2.5E-2);
#59=CARTESIAN_POINT('',(3.25E-2,-6.25E-2,1.25E-1));
#60=LINE('',#59,#58);
#61=DIRECTION('',(0.E0,1.E0,0.E0));
#62=VECTOR('',#61,2.5E-2);
#63=CARTESIAN_POINT('',(-3.25E-2,-6.25E-2,1.25E-1));
#64=LINE('',#63,#62);
#65=DIRECTION('',(-1.E0,0.E0,0.E0));
#66=VECTOR('',#65,3.5E-2);
#67=CARTESIAN_POINT('',(-3.25E-2,-3.75E-2,1.25E-1));
#68=LINE('',#67,#66);
#69=DIRECTION('',(0.E0,1.E0,0.E0));
#70=VECTOR('',#69,2.5E-2);
#71=CARTESIAN_POINT('',(-6.75E-2,-6.25E-2,1.25E-1));
#72=LINE('',#71,#70);
#73=DIRECTION('',(0.E0,1.E0,0.E0));
#74=VECTOR('',#73,2.5E-2);
#75=CARTESIAN_POINT('',(-1.325E-1,-6.25E-2,1.25E-1));
#76=LINE('',#75,#74);
#77=DIRECTION('',(-1.E0,0.E0,0.E0));
#78=VECTOR('',#77,3.5E-2);
#79=CARTESIAN_POINT('',(-1.325E-1,-3.75E-2,1.25E-1));
#80=LINE('',#79,#78);
#81=DIRECTION('',(0.E0,1.E0,0.E0));
#82=VECTOR('',#81,2.5E-2);
#83=CARTESIAN_POINT('',(-1.675E-1,-6.25E-2,1.25E-1));
#84=LINE('',#83,#82);
#85=DIRECTION('',(0.E0,1.E0,0.E0));
#86=VECTOR('',#85,2.5E-2);
#87=CARTESIAN_POINT('',(-2.325E-1,-6.25E-2,1.25E-1));
#88=LINE('',#87,#86);
#89=DIRECTION('',(-1.E0,0.E0,0.E0));
#90=VECTOR('',#89,3.5E-2);
#91=CARTESIAN_POINT('',(-2.325E-1,-3.75E-2,1.25E-1));
#92=LINE('',#91,#90);
#93=DIRECTION('',(0.E0,1.E0,0.E0));
#94=VECTOR('',#93,2.5E-2);
#95=CARTESIAN_POINT('',(-2.675E-1,-6.25E-2,1.25E-1));
#96=LINE('',#95,#94);
#97=DIRECTION('',(1.E0,0.E0,0.E0));
#98=VECTOR('',#97,5.94E-1);
#99=CARTESIAN_POINT('',(-2.97E-1,6.25E-2,1.25E-1));
#100=LINE('',#99,#98);
#101=DIRECTION('',(0.E0,1.E0,0.E0));
#102=VECTOR('',#101,2.5E-2);
#103=CARTESIAN_POINT('',(2.675E-1,-6.25E-2,1.25E-1));
#104=LINE('',#103,#102);
#105=DIRECTION('',(-1.E0,0.E0,0.E0));
#106=VECTOR('',#105,3.5E-2);
#107=CARTESIAN_POINT('',(2.675E-1,-3.75E-2,1.25E-1));
#108=LINE('',#107,#106);
#109=DIRECTION('',(0.E0,0.E0,-1.E0));
#110=VECTOR('',#109,2.5E-1);
#111=CARTESIAN_POINT('',(2.325E-1,-3.75E-2,1.25E-1));
#112=LINE('',#111,#110);
#113=DIRECTION('',(0.E0,0.E0,-1.E0));
#114=VECTOR('',#113,2.5E-1);
#115=CARTESIAN_POINT('',(-2.675E-1,-6.25E-2,1.25E-1));
#116=LINE('',#115,#114);
#117=DIRECTION('',(1.E0,0.E0,0.E0));
#118=VECTOR('',#117,2.95E-2);
#119=CARTESIAN_POINT('',(-2.97E-1,-6.25E-2,1.25E-1));
#120=LINE('',#119,#118);
#121=DIRECTION('',(0.E0,0.E0,-1.E0));
#122=VECTOR('',#121,2.5E-1);
#123=CARTESIAN_POINT('',(-1.675E-1,-6.25E-2,1.25E-1));
#124=LINE('',#123,#122);
#125=DIRECTION('',(0.E0,0.E0,-1.E0));
#126=VECTOR('',#125,2.5E-1);
#127=CARTESIAN_POINT('',(-2.325E-1,-6.25E-2,1.25E-1));
#128=LINE('',#127,#126);
#129=DIRECTION('',(1.E0,0.E0,0.E0));
#130=VECTOR('',#129,6.5E-2);
#131=CARTESIAN_POINT('',(-2.325E-1,-6.25E-2,1.25E-1));
#132=LINE('',#131,#130);
#133=DIRECTION('',(0.E0,0.E0,-1.E0));
#134=VECTOR('',#133,2.5E-1);
#135=CARTESIAN_POINT('',(-6.75E-2,-6.25E-2,1.25E-1));
#136=LINE('',#135,#134);
#137=DIRECTION('',(0.E0,0.E0,-1.E0));
#138=VECTOR('',#137,2.5E-1);
#139=CARTESIAN_POINT('',(-1.325E-1,-6.25E-2,1.25E-1));
#140=LINE('',#139,#138);
#141=DIRECTION('',(1.E0,0.E0,0.E0));
#142=VECTOR('',#141,6.5E-2);
#143=CARTESIAN_POINT('',(-1.325E-1,-6.25E-2,1.25E-1));
#144=LINE('',#143,#142);
#145=DIRECTION('',(0.E0,0.E0,-1.E0));
#146=VECTOR('',#145,2.5E-1);
#147=CARTESIAN_POINT('',(3.25E-2,-6.25E-2,1.25E-1));
#148=LINE('',#147,#146);
#149=DIRECTION('',(0.E0,0.E0,-1.E0));
#150=VECTOR('',#149,2.5E-1);
#151=CARTESIAN_POINT('',(-3.25E-2,-6.25E-2,1.25E-1));
#152=LINE('',#151,#150);
#153=DIRECTION('',(1.E0,0.E0,0.E0));
#154=VECTOR('',#153,6.5E-2);
#155=CARTESIAN_POINT('',(-3.25E-2,-6.25E-2,1.25E-1));
#156=LINE('',#155,#154);
#157=DIRECTION('',(0.E0,0.E0,-1.E0));
#158=VECTOR('',#157,2.5E-1);
#159=CARTESIAN_POINT('',(1.325E-1,-6.25E-2,1.25E-1));
#160=LINE('',#159,#158);
#161=DIRECTION('',(0.E0,0.E0,-1.E0));
#162=VECTOR('',#161,2.5E-1);
#163=CARTESIAN_POINT('',(6.75E-2,-6.25E-2,1.25E-1));
#164=LINE('',#163,#162);
#165=DIRECTION('',(1.E0,0.E0,0.E0));
#166=VECTOR('',#165,6.5E-2);
#167=CARTESIAN_POINT('',(6.75E-2,-6.25E-2,1.25E-1));
#168=LINE('',#167,#166);
#169=DIRECTION('',(0.E0,0.E0,-1.E0));
#170=VECTOR('',#169,2.5E-1);
#171=CARTESIAN_POINT('',(2.325E-1,-6.25E-2,1.25E-1));
#172=LINE('',#171,#170);
#173=DIRECTION('',(0.E0,0.E0,-1.E0));
#174=VECTOR('',#173,2.5E-1);
#175=CARTESIAN_POINT('',(1.675E-1,-6.25E-2,1.25E-1));
#176=LINE('',#175,#174);
#177=DIRECTION('',(1.E0,0.E0,0.E0));
#178=VECTOR('',#177,6.5E-2);
#179=CARTESIAN_POINT('',(1.675E-1,-6.25E-2,1.25E-1));
#180=LINE('',#179,#178);
#181=DIRECTION('',(0.E0,0.E0,-1.E0));
#182=VECTOR('',#181,2.5E-1);
#183=CARTESIAN_POINT('',(2.675E-1,-6.25E-2,1.25E-1));
#184=LINE('',#183,#182);
#185=DIRECTION('',(1.E0,0.E0,0.E0));
#186=VECTOR('',#185,2.95E-2);
#187=CARTESIAN_POINT('',(2.675E-1,-6.25E-2,1.25E-1));
#188=LINE('',#187,#186);
#189=DIRECTION('',(0.E0,0.E0,-1.E0));
#190=VECTOR('',#189,2.5E-1);
#191=CARTESIAN_POINT('',(-2.675E-1,-3.75E-2,1.25E-1));
#192=LINE('',#191,#190);
#193=DIRECTION('',(0.E0,0.E0,-1.E0));
#194=VECTOR('',#193,2.5E-1);
#195=CARTESIAN_POINT('',(-2.325E-1,-3.75E-2,1.25E-1));
#196=LINE('',#195,#194);
#197=DIRECTION('',(0.E0,0.E0,-1.E0));
#198=VECTOR('',#197,2.5E-2);
#199=CARTESIAN_POINT('',(-2.625E-1,-3.75E-2,1.25E-2));
#200=LINE('',#199,#198);
#201=DIRECTION('',(1.E0,0.E0,0.E0));
#202=VECTOR('',#201,2.5E-2);
#203=CARTESIAN_POINT('',(-2.625E-1,-3.75E-2,-1.25E-2));
#204=LINE('',#203,#202);
#205=DIRECTION('',(0.E0,0.E0,-1.E0));
#206=VECTOR('',#205,2.5E-2);
#207=CARTESIAN_POINT('',(-2.375E-1,-3.75E-2,1.25E-2));
#208=LINE('',#207,#206);
#209=DIRECTION('',(1.E0,0.E0,0.E0));
#210=VECTOR('',#209,2.5E-2);
#211=CARTESIAN_POINT('',(-2.625E-1,-3.75E-2,1.25E-2));
#212=LINE('',#211,#210);
#213=DIRECTION('',(1.E0,0.E0,0.E0));
#214=VECTOR('',#213,4.E-2);
#215=CARTESIAN_POINT('',(8.3E-2,6.25E-2,-1.25E-1));
#216=LINE('',#215,#214);
#217=DIRECTION('',(0.E0,-1.E0,0.E0));
#218=VECTOR('',#217,1.97E-1);
#219=CARTESIAN_POINT('',(8.3E-2,2.595E-1,-1.25E-1));
#220=LINE('',#219,#218);
#221=DIRECTION('',(1.E0,0.E0,0.E0));
#222=VECTOR('',#221,2.95E-2);
#223=CARTESIAN_POINT('',(-2.97E-1,-6.25E-2,-1.25E-1));
#224=LINE('',#223,#222);
#225=DIRECTION('',(0.E0,1.E0,0.E0));
#226=VECTOR('',#225,2.5E-2);
#227=CARTESIAN_POINT('',(-2.675E-1,-6.25E-2,-1.25E-1));
#228=LINE('',#227,#226);
#229=DIRECTION('',(-1.E0,0.E0,0.E0));
#230=VECTOR('',#229,3.5E-2);
#231=CARTESIAN_POINT('',(-2.325E-1,-3.75E-2,-1.25E-1));
#232=LINE('',#231,#230);
#233=DIRECTION('',(0.E0,1.E0,0.E0));
#234=VECTOR('',#233,2.5E-2);
#235=CARTESIAN_POINT('',(-2.325E-1,-6.25E-2,-1.25E-1));
#236=LINE('',#235,#234);
#237=DIRECTION('',(1.E0,0.E0,0.E0));
#238=VECTOR('',#237,6.5E-2);
#239=CARTESIAN_POINT('',(-2.325E-1,-6.25E-2,-1.25E-1));
#240=LINE('',#239,#238);
#241=DIRECTION('',(0.E0,1.E0,0.E0));
#242=VECTOR('',#241,2.5E-2);
#243=CARTESIAN_POINT('',(-1.675E-1,-6.25E-2,-1.25E-1));
#244=LINE('',#243,#242);
#245=DIRECTION('',(-1.E0,0.E0,0.E0));
#246=VECTOR('',#245,3.5E-2);
#247=CARTESIAN_POINT('',(-1.325E-1,-3.75E-2,-1.25E-1));
#248=LINE('',#247,#246);
#249=DIRECTION('',(0.E0,1.E0,0.E0));
#250=VECTOR('',#249,2.5E-2);
#251=CARTESIAN_POINT('',(-1.325E-1,-6.25E-2,-1.25E-1));
#252=LINE('',#251,#250);
#253=DIRECTION('',(1.E0,0.E0,0.E0));
#254=VECTOR('',#253,6.5E-2);
#255=CARTESIAN_POINT('',(-1.325E-1,-6.25E-2,-1.25E-1));
#256=LINE('',#255,#254);
#257=DIRECTION('',(0.E0,1.E0,0.E0));
#258=VECTOR('',#257,2.5E-2);
#259=CARTESIAN_POINT('',(-6.75E-2,-6.25E-2,-1.25E-1));
#260=LINE('',#259,#258);
#261=DIRECTION('',(-1.E0,0.E0,0.E0));
#262=VECTOR('',#261,3.5E-2);
#263=CARTESIAN_POINT('',(-3.25E-2,-3.75E-2,-1.25E-1));
#264=LINE('',#263,#262);
#265=DIRECTION('',(0.E0,1.E0,0.E0));
#266=VECTOR('',#265,2.5E-2);
#267=CARTESIAN_POINT('',(-3.25E-2,-6.25E-2,-1.25E-1));
#268=LINE('',#267,#266);
#269=DIRECTION('',(1.E0,0.E0,0.E0));
#270=VECTOR('',#269,6.5E-2);
#271=CARTESIAN_POINT('',(-3.25E-2,-6.25E-2,-1.25E-1));
#272=LINE('',#271,#270);
#273=DIRECTION('',(0.E0,1.E0,0.E0));
#274=VECTOR('',#273,2.5E-2);
#275=CARTESIAN_POINT('',(3.25E-2,-6.25E-2,-1.25E-1));
#276=LINE('',#275,#274);
#277=DIRECTION('',(-1.E0,0.E0,0.E0));
#278=VECTOR('',#277,3.5E-2);
#279=CARTESIAN_POINT('',(6.75E-2,-3.75E-2,-1.25E-1));
#280=LINE('',#279,#278);
#281=DIRECTION('',(0.E0,1.E0,0.E0));
#282=VECTOR('',#281,2.5E-2);
#283=CARTESIAN_POINT('',(6.75E-2,-6.25E-2,-1.25E-1));
#284=LINE('',#283,#282);
#285=DIRECTION('',(1.E0,0.E0,0.E0));
#286=VECTOR('',#285,6.5E-2);
#287=CARTESIAN_POINT('',(6.75E-2,-6.25E-2,-1.25E-1));
#288=LINE('',#287,#286);
#289=DIRECTION('',(0.E0,1.E0,0.E0));
#290=VECTOR('',#289,2.5E-2);
#291=CARTESIAN_POINT('',(1.325E-1,-6.25E-2,-1.25E-1));
#292=LINE('',#291,#290);
#293=DIRECTION('',(-1.E0,0.E0,0.E0));
#294=VECTOR('',#293,3.5E-2);
#295=CARTESIAN_POINT('',(1.675E-1,-3.75E-2,-1.25E-1));
#296=LINE('',#295,#294);
#297=DIRECTION('',(0.E0,1.E0,0.E0));
#298=VECTOR('',#297,2.5E-2);
#299=CARTESIAN_POINT('',(1.675E-1,-6.25E-2,-1.25E-1));
#300=LINE('',#299,#298);
#301=DIRECTION('',(1.E0,0.E0,0.E0));
#302=VECTOR('',#301,6.5E-2);
#303=CARTESIAN_POINT('',(1.675E-1,-6.25E-2,-1.25E-1));
#304=LINE('',#303,#302);
#305=DIRECTION('',(0.E0,1.E0,0.E0));
#306=VECTOR('',#305,2.5E-2);
#307=CARTESIAN_POINT('',(2.325E-1,-6.25E-2,-1.25E-1));
#308=LINE('',#307,#306);
#309=DIRECTION('',(-1.E0,0.E0,0.E0));
#310=VECTOR('',#309,3.5E-2);
#311=CARTESIAN_POINT('',(2.675E-1,-3.75E-2,-1.25E-1));
#312=LINE('',#311,#310);
#313=DIRECTION('',(0.E0,1.E0,0.E0));
#314=VECTOR('',#313,2.5E-2);
#315=CARTESIAN_POINT('',(2.675E-1,-6.25E-2,-1.25E-1));
#316=LINE('',#315,#314);
#317=DIRECTION('',(1.E0,0.E0,0.E0));
#318=VECTOR('',#317,2.95E-2);
#319=CARTESIAN_POINT('',(2.675E-1,-6.25E-2,-1.25E-1));
#320=LINE('',#319,#318);
#321=DIRECTION('',(0.E0,-1.E0,0.E0));
#322=VECTOR('',#321,1.97E-1);
#323=CARTESIAN_POINT('',(1.23E-1,2.595E-1,-1.25E-1));
#324=LINE('',#323,#322);
#325=DIRECTION('',(0.E0,0.E0,-1.E0));
#326=VECTOR('',#325,2.5E-2);
#327=CARTESIAN_POINT('',(-2.625E-1,6.25E-2,1.25E-2));
#328=LINE('',#327,#326);
#329=DIRECTION('',(1.E0,0.E0,0.E0));
#330=VECTOR('',#329,2.5E-2);
#331=CARTESIAN_POINT('',(-2.625E-1,6.25E-2,1.25E-2));
#332=LINE('',#331,#330);
#333=DIRECTION('',(0.E0,0.E0,-1.E0));
#334=VECTOR('',#333,2.5E-2);
#335=CARTESIAN_POINT('',(-2.375E-1,6.25E-2,1.25E-2));
#336=LINE('',#335,#334);
#337=DIRECTION('',(1.E0,0.E0,0.E0));
#338=VECTOR('',#337,2.5E-2);
#339=CARTESIAN_POINT('',(-2.625E-1,6.25E-2,-1.25E-2));
#340=LINE('',#339,#338);
#341=DIRECTION('',(0.E0,0.E0,-1.E0));
#342=VECTOR('',#341,2.5E-2);
#343=CARTESIAN_POINT('',(-1.625E-1,6.25E-2,1.25E-2));
#344=LINE('',#343,#342);
#345=DIRECTION('',(1.E0,0.E0,0.E0));
#346=VECTOR('',#345,2.5E-2);
#347=CARTESIAN_POINT('',(-1.625E-1,6.25E-2,1.25E-2));
#348=LINE('',#347,#346);
#349=DIRECTION('',(0.E0,0.E0,-1.E0));
#350=VECTOR('',#349,2.5E-2);
#351=CARTESIAN_POINT('',(-1.375E-1,6.25E-2,1.25E-2));
#352=LINE('',#351,#350);
#353=DIRECTION('',(1.E0,0.E0,0.E0));
#354=VECTOR('',#353,2.5E-2);
#355=CARTESIAN_POINT('',(-1.625E-1,6.25E-2,-1.25E-2));
#356=LINE('',#355,#354);
#357=DIRECTION('',(0.E0,0.E0,-1.E0));
#358=VECTOR('',#357,2.5E-2);
#359=CARTESIAN_POINT('',(-6.25E-2,6.25E-2,1.25E-2));
#360=LINE('',#359,#358);
#361=DIRECTION('',(1.E0,0.E0,0.E0));
#362=VECTOR('',#361,2.5E-2);
#363=CARTESIAN_POINT('',(-6.25E-2,6.25E-2,1.25E-2));
#364=LINE('',#363,#362);
#365=DIRECTION('',(0.E0,0.E0,-1.E0));
#366=VECTOR('',#365,2.5E-2);
#367=CARTESIAN_POINT('',(-3.75E-2,6.25E-2,1.25E-2));
#368=LINE('',#367,#366);
#369=DIRECTION('',(1.E0,0.E0,0.E0));
#370=VECTOR('',#369,2.5E-2);
#371=CARTESIAN_POINT('',(-6.25E-2,6.25E-2,-1.25E-2));
#372=LINE('',#371,#370);
#373=DIRECTION('',(0.E0,0.E0,-1.E0));
#374=VECTOR('',#373,2.5E-2);
#375=CARTESIAN_POINT('',(3.75E-2,6.25E-2,1.25E-2));
#376=LINE('',#375,#374);
#377=DIRECTION('',(1.E0,0.E0,0.E0));
#378=VECTOR('',#377,2.5E-2);
#379=CARTESIAN_POINT('',(3.75E-2,6.25E-2,1.25E-2));
#380=LINE('',#379,#378);
#381=DIRECTION('',(0.E0,0.E0,-1.E0));
#382=VECTOR('',#381,2.5E-2);
#383=CARTESIAN_POINT('',(6.25E-2,6.25E-2,1.25E-2));
#384=LINE('',#383,#382);
#385=DIRECTION('',(1.E0,0.E0,0.E0));
#386=VECTOR('',#385,2.5E-2);
#387=CARTESIAN_POINT('',(3.75E-2,6.25E-2,-1.25E-2));
#388=LINE('',#387,#386);
#389=DIRECTION('',(0.E0,0.E0,-1.E0));
#390=VECTOR('',#389,2.5E-2);
#391=CARTESIAN_POINT('',(1.375E-1,6.25E-2,1.25E-2));
#392=LINE('',#391,#390);
#393=DIRECTION('',(1.E0,0.E0,0.E0));
#394=VECTOR('',#393,2.5E-2);
#395=CARTESIAN_POINT('',(1.375E-1,6.25E-2,1.25E-2));
#396=LINE('',#395,#394);
#397=DIRECTION('',(0.E0,0.E0,-1.E0));
#398=VECTOR('',#397,2.5E-2);
#399=CARTESIAN_POINT('',(1.625E-1,6.25E-2,1.25E-2));
#400=LINE('',#399,#398);
#401=DIRECTION('',(1.E0,0.E0,0.E0));
#402=VECTOR('',#401,2.5E-2);
#403=CARTESIAN_POINT('',(1.375E-1,6.25E-2,-1.25E-2));
#404=LINE('',#403,#402);
#405=DIRECTION('',(0.E0,0.E0,-1.E0));
#406=VECTOR('',#405,2.5E-2);
#407=CARTESIAN_POINT('',(2.375E-1,6.25E-2,1.25E-2));
#408=LINE('',#407,#406);
#409=DIRECTION('',(1.E0,0.E0,0.E0));
#410=VECTOR('',#409,2.5E-2);
#411=CARTESIAN_POINT('',(2.375E-1,6.25E-2,1.25E-2));
#412=LINE('',#411,#410);
#413=DIRECTION('',(0.E0,0.E0,-1.E0));
#414=VECTOR('',#413,2.5E-2);
#415=CARTESIAN_POINT('',(2.625E-1,6.25E-2,1.25E-2));
#416=LINE('',#415,#414);
#417=DIRECTION('',(1.E0,0.E0,0.E0));
#418=VECTOR('',#417,2.5E-2);
#419=CARTESIAN_POINT('',(2.375E-1,6.25E-2,-1.25E-2));
#420=LINE('',#419,#418);
#421=DIRECTION('',(1.E0,0.E0,0.E0));
#422=VECTOR('',#421,3.33E-1);
#423=CARTESIAN_POINT('',(-2.5E-1,6.25E-2,-9.E-2));
#424=LINE('',#423,#422);
#425=DIRECTION('',(0.E0,0.E0,1.E0));
#426=VECTOR('',#425,3.5E-2);
#427=CARTESIAN_POINT('',(8.3E-2,6.25E-2,-1.25E-1));
#428=LINE('',#427,#426);
#429=DIRECTION('',(0.E0,0.E0,-1.E0));
#430=VECTOR('',#429,3.5E-2);
#431=CARTESIAN_POINT('',(1.23E-1,6.25E-2,-9.E-2));
#432=LINE('',#431,#430);
#433=DIRECTION('',(1.E0,0.E0,0.E0));
#434=VECTOR('',#433,1.27E-1);
#435=CARTESIAN_POINT('',(1.23E-1,6.25E-2,-9.E-2));
#436=LINE('',#435,#434);
#437=DIRECTION('',(0.E0,0.E0,1.E0));
#438=VECTOR('',#437,3.5E-2);
#439=CARTESIAN_POINT('',(2.5E-1,6.25E-2,-1.25E-1));
#440=LINE('',#439,#438);
#441=DIRECTION('',(1.E0,0.E0,0.E0));
#442=VECTOR('',#441,4.7E-2);
#443=CARTESIAN_POINT('',(2.5E-1,6.25E-2,-1.25E-1));
#444=LINE('',#443,#442);
#445=DIRECTION('',(1.E0,0.E0,0.E0));
#446=VECTOR('',#445,4.7E-2);
#447=CARTESIAN_POINT('',(-2.97E-1,6.25E-2,-1.25E-1));
#448=LINE('',#447,#446);
#449=DIRECTION('',(0.E0,0.E0,1.E0));
#450=VECTOR('',#449,3.5E-2);
#451=CARTESIAN_POINT('',(-2.5E-1,6.25E-2,-1.25E-1));
#452=LINE('',#451,#450);
#453=DIRECTION('',(0.E0,1.E0,0.E0));
#454=VECTOR('',#453,2.64E-1);
#455=CARTESIAN_POINT('',(-2.625E-1,6.25E-2,-1.25E-2));
#456=LINE('',#455,#454);
#457=DIRECTION('',(0.E0,0.E0,1.E0));
#458=VECTOR('',#457,2.5E-2);
#459=CARTESIAN_POINT('',(-2.625E-1,3.265E-1,-1.25E-2));
#460=LINE('',#459,#458);
#461=DIRECTION('',(0.E0,-1.E0,0.E0));
#462=VECTOR('',#461,2.64E-1);
#463=CARTESIAN_POINT('',(-2.625E-1,3.265E-1,1.25E-2));
#464=LINE('',#463,#462);
#465=DIRECTION('',(0.E0,1.E0,0.E0));
#466=VECTOR('',#465,7.4E-2);
#467=CARTESIAN_POINT('',(-2.625E-1,-1.115E-1,-1.25E-2));
#468=LINE('',#467,#466);
#469=DIRECTION('',(0.E0,-1.E0,0.E0));
#470=VECTOR('',#469,7.4E-2);
#471=CARTESIAN_POINT('',(-2.625E-1,-3.75E-2,1.25E-2));
#472=LINE('',#471,#470);
#473=CARTESIAN_POINT('',(-2.625E-1,-1.115E-1,5.85E-2));
#474=DIRECTION('',(-1.E0,0.E0,0.E0));
#475=DIRECTION('',(0.E0,0.E0,-1.E0));
#476=AXIS2_PLACEMENT_3D('',#473,#474,#475);
#478=DIRECTION('',(0.E0,0.E0,1.E0));
#479=VECTOR('',#478,2.075E-1);
#480=CARTESIAN_POINT('',(-2.625E-1,-1.575E-1,5.85E-2));
#481=LINE('',#480,#479);
#482=DIRECTION('',(0.E0,-1.E0,0.E0));
#483=VECTOR('',#482,2.5E-2);
#484=CARTESIAN_POINT('',(-2.625E-1,-1.575E-1,2.66E-1));
#485=LINE('',#484,#483);
#486=DIRECTION('',(0.E0,0.E0,-1.E0));
#487=VECTOR('',#486,2.075E-1);
#488=CARTESIAN_POINT('',(-2.625E-1,-1.825E-1,2.66E-1));
#489=LINE('',#488,#487);
#490=CARTESIAN_POINT('',(-2.625E-1,-1.115E-1,5.85E-2));
#491=DIRECTION('',(1.E0,0.E0,0.E0));
#492=DIRECTION('',(0.E0,-1.E0,0.E0));
#493=AXIS2_PLACEMENT_3D('',#490,#491,#492);
#495=DIRECTION('',(0.E0,-1.E0,0.E0));
#496=VECTOR('',#495,2.64E-1);
#497=CARTESIAN_POINT('',(-2.375E-1,3.265E-1,1.25E-2));
#498=LINE('',#497,#496);
#499=DIRECTION('',(0.E0,0.E0,1.E0));
#500=VECTOR('',#499,2.5E-2);
#501=CARTESIAN_POINT('',(-2.375E-1,3.265E-1,-1.25E-2));
#502=LINE('',#501,#500);
#503=DIRECTION('',(0.E0,1.E0,0.E0));
#504=VECTOR('',#503,2.64E-1);
#505=CARTESIAN_POINT('',(-2.375E-1,6.25E-2,-1.25E-2));
#506=LINE('',#505,#504);
#507=DIRECTION('',(0.E0,1.E0,0.E0));
#508=VECTOR('',#507,7.4E-2);
#509=CARTESIAN_POINT('',(-2.375E-1,-1.115E-1,-1.25E-2));
#510=LINE('',#509,#508);
#511=CARTESIAN_POINT('',(-2.375E-1,-1.115E-1,5.85E-2));
#512=DIRECTION('',(1.E0,0.E0,0.E0));
#513=DIRECTION('',(0.E0,-1.E0,0.E0));
#514=AXIS2_PLACEMENT_3D('',#511,#512,#513);
#516=DIRECTION('',(0.E0,0.E0,-1.E0));
#517=VECTOR('',#516,2.075E-1);
#518=CARTESIAN_POINT('',(-2.375E-1,-1.825E-1,2.66E-1));
#519=LINE('',#518,#517);
#520=DIRECTION('',(0.E0,-1.E0,0.E0));
#521=VECTOR('',#520,2.5E-2);
#522=CARTESIAN_POINT('',(-2.375E-1,-1.575E-1,2.66E-1));
#523=LINE('',#522,#521);
#524=DIRECTION('',(0.E0,0.E0,1.E0));
#525=VECTOR('',#524,2.075E-1);
#526=CARTESIAN_POINT('',(-2.375E-1,-1.575E-1,5.85E-2));
#527=LINE('',#526,#525);
#528=CARTESIAN_POINT('',(-2.375E-1,-1.115E-1,5.85E-2));
#529=DIRECTION('',(-1.E0,0.E0,0.E0));
#530=DIRECTION('',(0.E0,0.E0,-1.E0));
#531=AXIS2_PLACEMENT_3D('',#528,#529,#530);
#533=DIRECTION('',(0.E0,-1.E0,0.E0));
#534=VECTOR('',#533,7.4E-2);
#535=CARTESIAN_POINT('',(-2.375E-1,-3.75E-2,1.25E-2));
#536=LINE('',#535,#534);
#537=DIRECTION('',(1.E0,0.E0,0.E0));
#538=VECTOR('',#537,2.5E-2);
#539=CARTESIAN_POINT('',(-2.625E-1,3.265E-1,1.25E-2));
#540=LINE('',#539,#538);
#541=DIRECTION('',(1.E0,0.E0,0.E0));
#542=VECTOR('',#541,2.5E-2);
#543=CARTESIAN_POINT('',(-2.625E-1,3.265E-1,-1.25E-2));
#544=LINE('',#543,#542);
#545=DIRECTION('',(1.E0,0.E0,0.E0));
#546=VECTOR('',#545,2.5E-2);
#547=CARTESIAN_POINT('',(-2.625E-1,-1.115E-1,-1.25E-2));
#548=LINE('',#547,#546);
#549=DIRECTION('',(1.E0,0.E0,0.E0));
#550=VECTOR('',#549,2.5E-2);
#551=CARTESIAN_POINT('',(-2.625E-1,-1.825E-1,5.85E-2));
#552=LINE('',#551,#550);
#553=DIRECTION('',(1.E0,0.E0,0.E0));
#554=VECTOR('',#553,2.5E-2);
#555=CARTESIAN_POINT('',(-2.625E-1,-1.825E-1,2.66E-1));
#556=LINE('',#555,#554);
#557=DIRECTION('',(1.E0,0.E0,0.E0));
#558=VECTOR('',#557,2.5E-2);
#559=CARTESIAN_POINT('',(-2.625E-1,-1.575E-1,2.66E-1));
#560=LINE('',#559,#558);
#561=DIRECTION('',(1.E0,0.E0,0.E0));
#562=VECTOR('',#561,2.5E-2);
#563=CARTESIAN_POINT('',(-2.625E-1,-1.575E-1,5.85E-2));
#564=LINE('',#563,#562);
#565=DIRECTION('',(1.E0,0.E0,0.E0));
#566=VECTOR('',#565,2.5E-2);
#567=CARTESIAN_POINT('',(-2.625E-1,-1.115E-1,1.25E-2));
#568=LINE('',#567,#566);
#569=DIRECTION('',(0.E0,1.E0,0.E0));
#570=VECTOR('',#569,2.64E-1);
#571=CARTESIAN_POINT('',(-1.625E-1,6.25E-2,-1.25E-2));
#572=LINE('',#571,#570);
#573=DIRECTION('',(0.E0,0.E0,1.E0));
#574=VECTOR('',#573,2.5E-2);
#575=CARTESIAN_POINT('',(-1.625E-1,3.265E-1,-1.25E-2));
#576=LINE('',#575,#574);
#577=DIRECTION('',(0.E0,-1.E0,0.E0));
#578=VECTOR('',#577,2.64E-1);
#579=CARTESIAN_POINT('',(-1.625E-1,3.265E-1,1.25E-2));
#580=LINE('',#579,#578);
#581=DIRECTION('',(0.E0,-1.E0,0.E0));
#582=VECTOR('',#581,7.4E-2);
#583=CARTESIAN_POINT('',(-1.625E-1,-3.75E-2,1.25E-2));
#584=LINE('',#583,#582);
#585=CARTESIAN_POINT('',(-1.625E-1,-1.115E-1,5.85E-2));
#586=DIRECTION('',(-1.E0,0.E0,0.E0));
#587=DIRECTION('',(0.E0,0.E0,-1.E0));
#588=AXIS2_PLACEMENT_3D('',#585,#586,#587);
#590=DIRECTION('',(0.E0,0.E0,1.E0));
#591=VECTOR('',#590,2.075E-1);
#592=CARTESIAN_POINT('',(-1.625E-1,-1.575E-1,5.85E-2));
#593=LINE('',#592,#591);
#594=DIRECTION('',(0.E0,-1.E0,0.E0));
#595=VECTOR('',#594,2.5E-2);
#596=CARTESIAN_POINT('',(-1.625E-1,-1.575E-1,2.66E-1));
#597=LINE('',#596,#595);
#598=DIRECTION('',(0.E0,0.E0,-1.E0));
#599=VECTOR('',#598,2.075E-1);
#600=CARTESIAN_POINT('',(-1.625E-1,-1.825E-1,2.66E-1));
#601=LINE('',#600,#599);
#602=CARTESIAN_POINT('',(-1.625E-1,-1.115E-1,5.85E-2));
#603=DIRECTION('',(1.E0,0.E0,0.E0));
#604=DIRECTION('',(0.E0,-1.E0,0.E0));
#605=AXIS2_PLACEMENT_3D('',#602,#603,#604);
#607=DIRECTION('',(0.E0,1.E0,0.E0));
#608=VECTOR('',#607,7.4E-2);
#609=CARTESIAN_POINT('',(-1.625E-1,-1.115E-1,-1.25E-2));
#610=LINE('',#609,#608);
#611=DIRECTION('',(0.E0,-1.E0,0.E0));
#612=VECTOR('',#611,2.64E-1);
#613=CARTESIAN_POINT('',(-1.375E-1,3.265E-1,1.25E-2));
#614=LINE('',#613,#612);
#615=DIRECTION('',(0.E0,0.E0,1.E0));
#616=VECTOR('',#615,2.5E-2);
#617=CARTESIAN_POINT('',(-1.375E-1,3.265E-1,-1.25E-2));
#618=LINE('',#617,#616);
#619=DIRECTION('',(0.E0,1.E0,0.E0));
#620=VECTOR('',#619,2.64E-1);
#621=CARTESIAN_POINT('',(-1.375E-1,6.25E-2,-1.25E-2));
#622=LINE('',#621,#620);
#623=DIRECTION('',(0.E0,1.E0,0.E0));
#624=VECTOR('',#623,7.4E-2);
#625=CARTESIAN_POINT('',(-1.375E-1,-1.115E-1,-1.25E-2));
#626=LINE('',#625,#624);
#627=CARTESIAN_POINT('',(-1.375E-1,-1.115E-1,5.85E-2));
#628=DIRECTION('',(1.E0,0.E0,0.E0));
#629=DIRECTION('',(0.E0,-1.E0,0.E0));
#630=AXIS2_PLACEMENT_3D('',#627,#628,#629);
#632=DIRECTION('',(0.E0,0.E0,-1.E0));
#633=VECTOR('',#632,2.075E-1);
#634=CARTESIAN_POINT('',(-1.375E-1,-1.825E-1,2.66E-1));
#635=LINE('',#634,#633);
#636=DIRECTION('',(0.E0,-1.E0,0.E0));
#637=VECTOR('',#636,2.5E-2);
#638=CARTESIAN_POINT('',(-1.375E-1,-1.575E-1,2.66E-1));
#639=LINE('',#638,#637);
#640=DIRECTION('',(0.E0,0.E0,1.E0));
#641=VECTOR('',#640,2.075E-1);
#642=CARTESIAN_POINT('',(-1.375E-1,-1.575E-1,5.85E-2));
#643=LINE('',#642,#641);
#644=CARTESIAN_POINT('',(-1.375E-1,-1.115E-1,5.85E-2));
#645=DIRECTION('',(-1.E0,0.E0,0.E0));
#646=DIRECTION('',(0.E0,0.E0,-1.E0));
#647=AXIS2_PLACEMENT_3D('',#644,#645,#646);
#649=DIRECTION('',(0.E0,-1.E0,0.E0));
#650=VECTOR('',#649,7.4E-2);
#651=CARTESIAN_POINT('',(-1.375E-1,-3.75E-2,1.25E-2));
#652=LINE('',#651,#650);
#653=DIRECTION('',(1.E0,0.E0,0.E0));
#654=VECTOR('',#653,2.5E-2);
#655=CARTESIAN_POINT('',(-1.625E-1,3.265E-1,1.25E-2));
#656=LINE('',#655,#654);
#657=DIRECTION('',(1.E0,0.E0,0.E0));
#658=VECTOR('',#657,2.5E-2);
#659=CARTESIAN_POINT('',(-1.625E-1,3.265E-1,-1.25E-2));
#660=LINE('',#659,#658);
#661=DIRECTION('',(0.E0,0.E0,-1.E0));
#662=VECTOR('',#661,2.5E-1);
#663=CARTESIAN_POINT('',(-1.325E-1,-3.75E-2,1.25E-1));
#664=LINE('',#663,#662);
#665=DIRECTION('',(0.E0,0.E0,-1.E0));
#666=VECTOR('',#665,2.5E-2);
#667=CARTESIAN_POINT('',(-1.625E-1,-3.75E-2,1.25E-2));
#668=LINE('',#667,#666);
#669=DIRECTION('',(1.E0,0.E0,0.E0));
#670=VECTOR('',#669,2.5E-2);
#671=CARTESIAN_POINT('',(-1.625E-1,-3.75E-2,-1.25E-2));
#672=LINE('',#671,#670);
#673=DIRECTION('',(0.E0,0.E0,-1.E0));
#674=VECTOR('',#673,2.5E-2);
#675=CARTESIAN_POINT('',(-1.375E-1,-3.75E-2,1.25E-2));
#676=LINE('',#675,#674);
#677=DIRECTION('',(1.E0,0.E0,0.E0));
#678=VECTOR('',#677,2.5E-2);
#679=CARTESIAN_POINT('',(-1.625E-1,-3.75E-2,1.25E-2));
#680=LINE('',#679,#678);
#681=DIRECTION('',(0.E0,0.E0,-1.E0));
#682=VECTOR('',#681,2.5E-1);
#683=CARTESIAN_POINT('',(-1.675E-1,-3.75E-2,1.25E-1));
#684=LINE('',#683,#682);
#685=DIRECTION('',(1.E0,0.E0,0.E0));
#686=VECTOR('',#685,2.5E-2);
#687=CARTESIAN_POINT('',(-1.625E-1,-1.115E-1,-1.25E-2));
#688=LINE('',#687,#686);
#689=DIRECTION('',(1.E0,0.E0,0.E0));
#690=VECTOR('',#689,2.5E-2);
#691=CARTESIAN_POINT('',(-1.625E-1,-1.825E-1,5.85E-2));
#692=LINE('',#691,#690);
#693=DIRECTION('',(1.E0,0.E0,0.E0));
#694=VECTOR('',#693,2.5E-2);
#695=CARTESIAN_POINT('',(-1.625E-1,-1.825E-1,2.66E-1));
#696=LINE('',#695,#694);
#697=DIRECTION('',(1.E0,0.E0,0.E0));
#698=VECTOR('',#697,2.5E-2);
#699=CARTESIAN_POINT('',(-1.625E-1,-1.575E-1,2.66E-1));
#700=LINE('',#699,#698);
#701=DIRECTION('',(1.E0,0.E0,0.E0));
#702=VECTOR('',#701,2.5E-2);
#703=CARTESIAN_POINT('',(-1.625E-1,-1.575E-1,5.85E-2));
#704=LINE('',#703,#702);
#705=DIRECTION('',(1.E0,0.E0,0.E0));
#706=VECTOR('',#705,2.5E-2);
#707=CARTESIAN_POINT('',(-1.625E-1,-1.115E-1,1.25E-2));
#708=LINE('',#707,#706);
#709=DIRECTION('',(0.E0,1.E0,0.E0));
#710=VECTOR('',#709,2.64E-1);
#711=CARTESIAN_POINT('',(-6.25E-2,6.25E-2,-1.25E-2));
#712=LINE('',#711,#710);
#713=DIRECTION('',(0.E0,0.E0,1.E0));
#714=VECTOR('',#713,2.5E-2);
#715=CARTESIAN_POINT('',(-6.25E-2,3.265E-1,-1.25E-2));
#716=LINE('',#715,#714);
#717=DIRECTION('',(0.E0,-1.E0,0.E0));
#718=VECTOR('',#717,2.64E-1);
#719=CARTESIAN_POINT('',(-6.25E-2,3.265E-1,1.25E-2));
#720=LINE('',#719,#718);
#721=DIRECTION('',(0.E0,-1.E0,0.E0));
#722=VECTOR('',#721,7.4E-2);
#723=CARTESIAN_POINT('',(-6.25E-2,-3.75E-2,1.25E-2));
#724=LINE('',#723,#722);
#725=CARTESIAN_POINT('',(-6.25E-2,-1.115E-1,5.85E-2));
#726=DIRECTION('',(-1.E0,0.E0,0.E0));
#727=DIRECTION('',(0.E0,0.E0,-1.E0));
#728=AXIS2_PLACEMENT_3D('',#725,#726,#727);
#730=DIRECTION('',(0.E0,0.E0,1.E0));
#731=VECTOR('',#730,2.075E-1);
#732=CARTESIAN_POINT('',(-6.25E-2,-1.575E-1,5.85E-2));
#733=LINE('',#732,#731);
#734=DIRECTION('',(0.E0,-1.E0,0.E0));
#735=VECTOR('',#734,2.5E-2);
#736=CARTESIAN_POINT('',(-6.25E-2,-1.575E-1,2.66E-1));
#737=LINE('',#736,#735);
#738=DIRECTION('',(0.E0,0.E0,-1.E0));
#739=VECTOR('',#738,2.075E-1);
#740=CARTESIAN_POINT('',(-6.25E-2,-1.825E-1,2.66E-1));
#741=LINE('',#740,#739);
#742=CARTESIAN_POINT('',(-6.25E-2,-1.115E-1,5.85E-2));
#743=DIRECTION('',(1.E0,0.E0,0.E0));
#744=DIRECTION('',(0.E0,-1.E0,0.E0));
#745=AXIS2_PLACEMENT_3D('',#742,#743,#744);
#747=DIRECTION('',(0.E0,1.E0,0.E0));
#748=VECTOR('',#747,7.4E-2);
#749=CARTESIAN_POINT('',(-6.25E-2,-1.115E-1,-1.25E-2));
#750=LINE('',#749,#748);
#751=DIRECTION('',(0.E0,-1.E0,0.E0));
#752=VECTOR('',#751,2.64E-1);
#753=CARTESIAN_POINT('',(-3.75E-2,3.265E-1,1.25E-2));
#754=LINE('',#753,#752);
#755=DIRECTION('',(0.E0,0.E0,1.E0));
#756=VECTOR('',#755,2.5E-2);
#757=CARTESIAN_POINT('',(-3.75E-2,3.265E-1,-1.25E-2));
#758=LINE('',#757,#756);
#759=DIRECTION('',(0.E0,1.E0,0.E0));
#760=VECTOR('',#759,2.64E-1);
#761=CARTESIAN_POINT('',(-3.75E-2,6.25E-2,-1.25E-2));
#762=LINE('',#761,#760);
#763=DIRECTION('',(0.E0,1.E0,0.E0));
#764=VECTOR('',#763,7.4E-2);
#765=CARTESIAN_POINT('',(-3.75E-2,-1.115E-1,-1.25E-2));
#766=LINE('',#765,#764);
#767=CARTESIAN_POINT('',(-3.75E-2,-1.115E-1,5.85E-2));
#768=DIRECTION('',(1.E0,0.E0,0.E0));
#769=DIRECTION('',(0.E0,-1.E0,0.E0));
#770=AXIS2_PLACEMENT_3D('',#767,#768,#769);
#772=DIRECTION('',(0.E0,0.E0,-1.E0));
#773=VECTOR('',#772,2.075E-1);
#774=CARTESIAN_POINT('',(-3.75E-2,-1.825E-1,2.66E-1));
#775=LINE('',#774,#773);
#776=DIRECTION('',(0.E0,-1.E0,0.E0));
#777=VECTOR('',#776,2.5E-2);
#778=CARTESIAN_POINT('',(-3.75E-2,-1.575E-1,2.66E-1));
#779=LINE('',#778,#777);
#780=DIRECTION('',(0.E0,0.E0,1.E0));
#781=VECTOR('',#780,2.075E-1);
#782=CARTESIAN_POINT('',(-3.75E-2,-1.575E-1,5.85E-2));
#783=LINE('',#782,#781);
#784=CARTESIAN_POINT('',(-3.75E-2,-1.115E-1,5.85E-2));
#785=DIRECTION('',(-1.E0,0.E0,0.E0));
#786=DIRECTION('',(0.E0,0.E0,-1.E0));
#787=AXIS2_PLACEMENT_3D('',#784,#785,#786);
#789=DIRECTION('',(0.E0,-1.E0,0.E0));
#790=VECTOR('',#789,7.4E-2);
#791=CARTESIAN_POINT('',(-3.75E-2,-3.75E-2,1.25E-2));
#792=LINE('',#791,#790);
#793=DIRECTION('',(1.E0,0.E0,0.E0));
#794=VECTOR('',#793,2.5E-2);
#795=CARTESIAN_POINT('',(-6.25E-2,3.265E-1,1.25E-2));
#796=LINE('',#795,#794);
#797=DIRECTION('',(1.E0,0.E0,0.E0));
#798=VECTOR('',#797,2.5E-2);
#799=CARTESIAN_POINT('',(-6.25E-2,3.265E-1,-1.25E-2));
#800=LINE('',#799,#798);
#801=DIRECTION('',(0.E0,0.E0,-1.E0));
#802=VECTOR('',#801,2.5E-1);
#803=CARTESIAN_POINT('',(-3.25E-2,-3.75E-2,1.25E-1));
#804=LINE('',#803,#802);
#805=DIRECTION('',(0.E0,0.E0,-1.E0));
#806=VECTOR('',#805,2.5E-2);
#807=CARTESIAN_POINT('',(-6.25E-2,-3.75E-2,1.25E-2));
#808=LINE('',#807,#806);
#809=DIRECTION('',(1.E0,0.E0,0.E0));
#810=VECTOR('',#809,2.5E-2);
#811=CARTESIAN_POINT('',(-6.25E-2,-3.75E-2,-1.25E-2));
#812=LINE('',#811,#810);
#813=DIRECTION('',(0.E0,0.E0,-1.E0));
#814=VECTOR('',#813,2.5E-2);
#815=CARTESIAN_POINT('',(-3.75E-2,-3.75E-2,1.25E-2));
#816=LINE('',#815,#814);
#817=DIRECTION('',(1.E0,0.E0,0.E0));
#818=VECTOR('',#817,2.5E-2);
#819=CARTESIAN_POINT('',(-6.25E-2,-3.75E-2,1.25E-2));
#820=LINE('',#819,#818);
#821=DIRECTION('',(0.E0,0.E0,-1.E0));
#822=VECTOR('',#821,2.5E-1);
#823=CARTESIAN_POINT('',(-6.75E-2,-3.75E-2,1.25E-1));
#824=LINE('',#823,#822);
#825=DIRECTION('',(1.E0,0.E0,0.E0));
#826=VECTOR('',#825,2.5E-2);
#827=CARTESIAN_POINT('',(-6.25E-2,-1.115E-1,-1.25E-2));
#828=LINE('',#827,#826);
#829=DIRECTION('',(1.E0,0.E0,0.E0));
#830=VECTOR('',#829,2.5E-2);
#831=CARTESIAN_POINT('',(-6.25E-2,-1.825E-1,5.85E-2));
#832=LINE('',#831,#830);
#833=DIRECTION('',(1.E0,0.E0,0.E0));
#834=VECTOR('',#833,2.5E-2);
#835=CARTESIAN_POINT('',(-6.25E-2,-1.825E-1,2.66E-1));
#836=LINE('',#835,#834);
#837=DIRECTION('',(1.E0,0.E0,0.E0));
#838=VECTOR('',#837,2.5E-2);
#839=CARTESIAN_POINT('',(-6.25E-2,-1.575E-1,2.66E-1));
#840=LINE('',#839,#838);
#841=DIRECTION('',(1.E0,0.E0,0.E0));
#842=VECTOR('',#841,2.5E-2);
#843=CARTESIAN_POINT('',(-6.25E-2,-1.575E-1,5.85E-2));
#844=LINE('',#843,#842);
#845=DIRECTION('',(1.E0,0.E0,0.E0));
#846=VECTOR('',#845,2.5E-2);
#847=CARTESIAN_POINT('',(-6.25E-2,-1.115E-1,1.25E-2));
#848=LINE('',#847,#846);
#849=DIRECTION('',(0.E0,1.E0,0.E0));
#850=VECTOR('',#849,2.64E-1);
#851=CARTESIAN_POINT('',(3.75E-2,6.25E-2,-1.25E-2));
#852=LINE('',#851,#850);
#853=DIRECTION('',(0.E0,0.E0,1.E0));
#854=VECTOR('',#853,2.5E-2);
#855=CARTESIAN_POINT('',(3.75E-2,3.265E-1,-1.25E-2));
#856=LINE('',#855,#854);
#857=DIRECTION('',(0.E0,-1.E0,0.E0));
#858=VECTOR('',#857,2.64E-1);
#859=CARTESIAN_POINT('',(3.75E-2,3.265E-1,1.25E-2));
#860=LINE('',#859,#858);
#861=DIRECTION('',(0.E0,-1.E0,0.E0));
#862=VECTOR('',#861,7.4E-2);
#863=CARTESIAN_POINT('',(3.75E-2,-3.75E-2,1.25E-2));
#864=LINE('',#863,#862);
#865=CARTESIAN_POINT('',(3.75E-2,-1.115E-1,5.85E-2));
#866=DIRECTION('',(-1.E0,0.E0,0.E0));
#867=DIRECTION('',(0.E0,0.E0,-1.E0));
#868=AXIS2_PLACEMENT_3D('',#865,#866,#867);
#870=DIRECTION('',(0.E0,0.E0,1.E0));
#871=VECTOR('',#870,2.075E-1);
#872=CARTESIAN_POINT('',(3.75E-2,-1.575E-1,5.85E-2));
#873=LINE('',#872,#871);
#874=DIRECTION('',(0.E0,-1.E0,0.E0));
#875=VECTOR('',#874,2.5E-2);
#876=CARTESIAN_POINT('',(3.75E-2,-1.575E-1,2.66E-1));
#877=LINE('',#876,#875);
#878=DIRECTION('',(0.E0,0.E0,-1.E0));
#879=VECTOR('',#878,2.075E-1);
#880=CARTESIAN_POINT('',(3.75E-2,-1.825E-1,2.66E-1));
#881=LINE('',#880,#879);
#882=CARTESIAN_POINT('',(3.75E-2,-1.115E-1,5.85E-2));
#883=DIRECTION('',(1.E0,0.E0,0.E0));
#884=DIRECTION('',(0.E0,-1.E0,0.E0));
#885=AXIS2_PLACEMENT_3D('',#882,#883,#884);
#887=DIRECTION('',(0.E0,1.E0,0.E0));
#888=VECTOR('',#887,7.4E-2);
#889=CARTESIAN_POINT('',(3.75E-2,-1.115E-1,-1.25E-2));
#890=LINE('',#889,#888);
#891=DIRECTION('',(0.E0,-1.E0,0.E0));
#892=VECTOR('',#891,2.64E-1);
#893=CARTESIAN_POINT('',(6.25E-2,3.265E-1,1.25E-2));
#894=LINE('',#893,#892);
#895=DIRECTION('',(0.E0,0.E0,1.E0));
#896=VECTOR('',#895,2.5E-2);
#897=CARTESIAN_POINT('',(6.25E-2,3.265E-1,-1.25E-2));
#898=LINE('',#897,#896);
#899=DIRECTION('',(0.E0,1.E0,0.E0));
#900=VECTOR('',#899,2.64E-1);
#901=CARTESIAN_POINT('',(6.25E-2,6.25E-2,-1.25E-2));
#902=LINE('',#901,#900);
#903=DIRECTION('',(0.E0,1.E0,0.E0));
#904=VECTOR('',#903,7.4E-2);
#905=CARTESIAN_POINT('',(6.25E-2,-1.115E-1,-1.25E-2));
#906=LINE('',#905,#904);
#907=CARTESIAN_POINT('',(6.25E-2,-1.115E-1,5.85E-2));
#908=DIRECTION('',(1.E0,0.E0,0.E0));
#909=DIRECTION('',(0.E0,-1.E0,0.E0));
#910=AXIS2_PLACEMENT_3D('',#907,#908,#909);
#912=DIRECTION('',(0.E0,0.E0,-1.E0));
#913=VECTOR('',#912,2.075E-1);
#914=CARTESIAN_POINT('',(6.25E-2,-1.825E-1,2.66E-1));
#915=LINE('',#914,#913);
#916=DIRECTION('',(0.E0,-1.E0,0.E0));
#917=VECTOR('',#916,2.5E-2);
#918=CARTESIAN_POINT('',(6.25E-2,-1.575E-1,2.66E-1));
#919=LINE('',#918,#917);
#920=DIRECTION('',(0.E0,0.E0,1.E0));
#921=VECTOR('',#920,2.075E-1);
#922=CARTESIAN_POINT('',(6.25E-2,-1.575E-1,5.85E-2));
#923=LINE('',#922,#921);
#924=CARTESIAN_POINT('',(6.25E-2,-1.115E-1,5.85E-2));
#925=DIRECTION('',(-1.E0,0.E0,0.E0));
#926=DIRECTION('',(0.E0,0.E0,-1.E0));
#927=AXIS2_PLACEMENT_3D('',#924,#925,#926);
#929=DIRECTION('',(0.E0,-1.E0,0.E0));
#930=VECTOR('',#929,7.4E-2);
#931=CARTESIAN_POINT('',(6.25E-2,-3.75E-2,1.25E-2));
#932=LINE('',#931,#930);
#933=DIRECTION('',(1.E0,0.E0,0.E0));
#934=VECTOR('',#933,2.5E-2);
#935=CARTESIAN_POINT('',(3.75E-2,3.265E-1,1.25E-2));
#936=LINE('',#935,#934);
#937=DIRECTION('',(1.E0,0.E0,0.E0));
#938=VECTOR('',#937,2.5E-2);
#939=CARTESIAN_POINT('',(3.75E-2,3.265E-1,-1.25E-2));
#940=LINE('',#939,#938);
#941=DIRECTION('',(0.E0,0.E0,-1.E0));
#942=VECTOR('',#941,2.5E-1);
#943=CARTESIAN_POINT('',(6.75E-2,-3.75E-2,1.25E-1));
#944=LINE('',#943,#942);
#945=DIRECTION('',(0.E0,0.E0,-1.E0));
#946=VECTOR('',#945,2.5E-2);
#947=CARTESIAN_POINT('',(3.75E-2,-3.75E-2,1.25E-2));
#948=LINE('',#947,#946);
#949=DIRECTION('',(1.E0,0.E0,0.E0));
#950=VECTOR('',#949,2.5E-2);
#951=CARTESIAN_POINT('',(3.75E-2,-3.75E-2,-1.25E-2));
#952=LINE('',#951,#950);
#953=DIRECTION('',(0.E0,0.E0,-1.E0));
#954=VECTOR('',#953,2.5E-2);
#955=CARTESIAN_POINT('',(6.25E-2,-3.75E-2,1.25E-2));
#956=LINE('',#955,#954);
#957=DIRECTION('',(1.E0,0.E0,0.E0));
#958=VECTOR('',#957,2.5E-2);
#959=CARTESIAN_POINT('',(3.75E-2,-3.75E-2,1.25E-2));
#960=LINE('',#959,#958);
#961=DIRECTION('',(0.E0,0.E0,-1.E0));
#962=VECTOR('',#961,2.5E-1);
#963=CARTESIAN_POINT('',(3.25E-2,-3.75E-2,1.25E-1));
#964=LINE('',#963,#962);
#965=DIRECTION('',(1.E0,0.E0,0.E0));
#966=VECTOR('',#965,2.5E-2);
#967=CARTESIAN_POINT('',(3.75E-2,-1.115E-1,-1.25E-2));
#968=LINE('',#967,#966);
#969=DIRECTION('',(1.E0,0.E0,0.E0));
#970=VECTOR('',#969,2.5E-2);
#971=CARTESIAN_POINT('',(3.75E-2,-1.825E-1,5.85E-2));
#972=LINE('',#971,#970);
#973=DIRECTION('',(1.E0,0.E0,0.E0));
#974=VECTOR('',#973,2.5E-2);
#975=CARTESIAN_POINT('',(3.75E-2,-1.825E-1,2.66E-1));
#976=LINE('',#975,#974);
#977=DIRECTION('',(1.E0,0.E0,0.E0));
#978=VECTOR('',#977,2.5E-2);
#979=CARTESIAN_POINT('',(3.75E-2,-1.575E-1,2.66E-1));
#980=LINE('',#979,#978);
#981=DIRECTION('',(1.E0,0.E0,0.E0));
#982=VECTOR('',#981,2.5E-2);
#983=CARTESIAN_POINT('',(3.75E-2,-1.575E-1,5.85E-2));
#984=LINE('',#983,#982);
#985=DIRECTION('',(1.E0,0.E0,0.E0));
#986=VECTOR('',#985,2.5E-2);
#987=CARTESIAN_POINT('',(3.75E-2,-1.115E-1,1.25E-2));
#988=LINE('',#987,#986);
#989=DIRECTION('',(0.E0,1.E0,0.E0));
#990=VECTOR('',#989,2.64E-1);
#991=CARTESIAN_POINT('',(1.375E-1,6.25E-2,-1.25E-2));
#992=LINE('',#991,#990);
#993=DIRECTION('',(0.E0,0.E0,1.E0));
#994=VECTOR('',#993,2.5E-2);
#995=CARTESIAN_POINT('',(1.375E-1,3.265E-1,-1.25E-2));
#996=LINE('',#995,#994);
#997=DIRECTION('',(0.E0,-1.E0,0.E0));
#998=VECTOR('',#997,2.64E-1);
#999=CARTESIAN_POINT('',(1.375E-1,3.265E-1,1.25E-2));
#1000=LINE('',#999,#998);
#1001=DIRECTION('',(0.E0,-1.E0,0.E0));
#1002=VECTOR('',#1001,7.4E-2);
#1003=CARTESIAN_POINT('',(1.375E-1,-3.75E-2,1.25E-2));
#1004=LINE('',#1003,#1002);
#1005=CARTESIAN_POINT('',(1.375E-1,-1.115E-1,5.85E-2));
#1006=DIRECTION('',(-1.E0,0.E0,0.E0));
#1007=DIRECTION('',(0.E0,0.E0,-1.E0));
#1008=AXIS2_PLACEMENT_3D('',#1005,#1006,#1007);
#1010=DIRECTION('',(0.E0,0.E0,1.E0));
#1011=VECTOR('',#1010,2.075E-1);
#1012=CARTESIAN_POINT('',(1.375E-1,-1.575E-1,5.85E-2));
#1013=LINE('',#1012,#1011);
#1014=DIRECTION('',(0.E0,-1.E0,0.E0));
#1015=VECTOR('',#1014,2.5E-2);
#1016=CARTESIAN_POINT('',(1.375E-1,-1.575E-1,2.66E-1));
#1017=LINE('',#1016,#1015);
#1018=DIRECTION('',(0.E0,0.E0,-1.E0));
#1019=VECTOR('',#1018,2.075E-1);
#1020=CARTESIAN_POINT('',(1.375E-1,-1.825E-1,2.66E-1));
#1021=LINE('',#1020,#1019);
#1022=CARTESIAN_POINT('',(1.375E-1,-1.115E-1,5.85E-2));
#1023=DIRECTION('',(1.E0,0.E0,0.E0));
#1024=DIRECTION('',(0.E0,-1.E0,0.E0));
#1025=AXIS2_PLACEMENT_3D('',#1022,#1023,#1024);
#1027=DIRECTION('',(0.E0,1.E0,0.E0));
#1028=VECTOR('',#1027,7.4E-2);
#1029=CARTESIAN_POINT('',(1.375E-1,-1.115E-1,-1.25E-2));
#1030=LINE('',#1029,#1028);
#1031=DIRECTION('',(0.E0,-1.E0,0.E0));
#1032=VECTOR('',#1031,2.64E-1);
#1033=CARTESIAN_POINT('',(1.625E-1,3.265E-1,1.25E-2));
#1034=LINE('',#1033,#1032);
#1035=DIRECTION('',(0.E0,0.E0,1.E0));
#1036=VECTOR('',#1035,2.5E-2);
#1037=CARTESIAN_POINT('',(1.625E-1,3.265E-1,-1.25E-2));
#1038=LINE('',#1037,#1036);
#1039=DIRECTION('',(0.E0,1.E0,0.E0));
#1040=VECTOR('',#1039,2.64E-1);
#1041=CARTESIAN_POINT('',(1.625E-1,6.25E-2,-1.25E-2));
#1042=LINE('',#1041,#1040);
#1043=DIRECTION('',(0.E0,1.E0,0.E0));
#1044=VECTOR('',#1043,7.4E-2);
#1045=CARTESIAN_POINT('',(1.625E-1,-1.115E-1,-1.25E-2));
#1046=LINE('',#1045,#1044);
#1047=CARTESIAN_POINT('',(1.625E-1,-1.115E-1,5.85E-2));
#1048=DIRECTION('',(1.E0,0.E0,0.E0));
#1049=DIRECTION('',(0.E0,-1.E0,0.E0));
#1050=AXIS2_PLACEMENT_3D('',#1047,#1048,#1049);
#1052=DIRECTION('',(0.E0,0.E0,-1.E0));
#1053=VECTOR('',#1052,2.075E-1);
#1054=CARTESIAN_POINT('',(1.625E-1,-1.825E-1,2.66E-1));
#1055=LINE('',#1054,#1053);
#1056=DIRECTION('',(0.E0,-1.E0,0.E0));
#1057=VECTOR('',#1056,2.5E-2);
#1058=CARTESIAN_POINT('',(1.625E-1,-1.575E-1,2.66E-1));
#1059=LINE('',#1058,#1057);
#1060=DIRECTION('',(0.E0,0.E0,1.E0));
#1061=VECTOR('',#1060,2.075E-1);
#1062=CARTESIAN_POINT('',(1.625E-1,-1.575E-1,5.85E-2));
#1063=LINE('',#1062,#1061);
#1064=CARTESIAN_POINT('',(1.625E-1,-1.115E-1,5.85E-2));
#1065=DIRECTION('',(-1.E0,0.E0,0.E0));
#1066=DIRECTION('',(0.E0,0.E0,-1.E0));
#1067=AXIS2_PLACEMENT_3D('',#1064,#1065,#1066);
#1069=DIRECTION('',(0.E0,-1.E0,0.E0));
#1070=VECTOR('',#1069,7.4E-2);
#1071=CARTESIAN_POINT('',(1.625E-1,-3.75E-2,1.25E-2));
#1072=LINE('',#1071,#1070);
#1073=DIRECTION('',(1.E0,0.E0,0.E0));
#1074=VECTOR('',#1073,2.5E-2);
#1075=CARTESIAN_POINT('',(1.375E-1,3.265E-1,1.25E-2));
#1076=LINE('',#1075,#1074);
#1077=DIRECTION('',(1.E0,0.E0,0.E0));
#1078=VECTOR('',#1077,2.5E-2);
#1079=CARTESIAN_POINT('',(1.375E-1,3.265E-1,-1.25E-2));
#1080=LINE('',#1079,#1078);
#1081=DIRECTION('',(0.E0,0.E0,-1.E0));
#1082=VECTOR('',#1081,2.5E-1);
#1083=CARTESIAN_POINT('',(1.675E-1,-3.75E-2,1.25E-1));
#1084=LINE('',#1083,#1082);
#1085=DIRECTION('',(0.E0,0.E0,-1.E0));
#1086=VECTOR('',#1085,2.5E-2);
#1087=CARTESIAN_POINT('',(1.375E-1,-3.75E-2,1.25E-2));
#1088=LINE('',#1087,#1086);
#1089=DIRECTION('',(1.E0,0.E0,0.E0));
#1090=VECTOR('',#1089,2.5E-2);
#1091=CARTESIAN_POINT('',(1.375E-1,-3.75E-2,-1.25E-2));
#1092=LINE('',#1091,#1090);
#1093=DIRECTION('',(0.E0,0.E0,-1.E0));
#1094=VECTOR('',#1093,2.5E-2);
#1095=CARTESIAN_POINT('',(1.625E-1,-3.75E-2,1.25E-2));
#1096=LINE('',#1095,#1094);
#1097=DIRECTION('',(1.E0,0.E0,0.E0));
#1098=VECTOR('',#1097,2.5E-2);
#1099=CARTESIAN_POINT('',(1.375E-1,-3.75E-2,1.25E-2));
#1100=LINE('',#1099,#1098);
#1101=DIRECTION('',(0.E0,0.E0,-1.E0));
#1102=VECTOR('',#1101,2.5E-1);
#1103=CARTESIAN_POINT('',(1.325E-1,-3.75E-2,1.25E-1));
#1104=LINE('',#1103,#1102);
#1105=DIRECTION('',(1.E0,0.E0,0.E0));
#1106=VECTOR('',#1105,2.5E-2);
#1107=CARTESIAN_POINT('',(1.375E-1,-1.115E-1,-1.25E-2));
#1108=LINE('',#1107,#1106);
#1109=DIRECTION('',(1.E0,0.E0,0.E0));
#1110=VECTOR('',#1109,2.5E-2);
#1111=CARTESIAN_POINT('',(1.375E-1,-1.825E-1,5.85E-2));
#1112=LINE('',#1111,#1110);
#1113=DIRECTION('',(1.E0,0.E0,0.E0));
#1114=VECTOR('',#1113,2.5E-2);
#1115=CARTESIAN_POINT('',(1.375E-1,-1.825E-1,2.66E-1));
#1116=LINE('',#1115,#1114);
#1117=DIRECTION('',(1.E0,0.E0,0.E0));
#1118=VECTOR('',#1117,2.5E-2);
#1119=CARTESIAN_POINT('',(1.375E-1,-1.575E-1,2.66E-1));
#1120=LINE('',#1119,#1118);
#1121=DIRECTION('',(1.E0,0.E0,0.E0));
#1122=VECTOR('',#1121,2.5E-2);
#1123=CARTESIAN_POINT('',(1.375E-1,-1.575E-1,5.85E-2));
#1124=LINE('',#1123,#1122);
#1125=DIRECTION('',(1.E0,0.E0,0.E0));
#1126=VECTOR('',#1125,2.5E-2);
#1127=CARTESIAN_POINT('',(1.375E-1,-1.115E-1,1.25E-2));
#1128=LINE('',#1127,#1126);
#1129=DIRECTION('',(0.E0,1.E0,0.E0));
#1130=VECTOR('',#1129,2.64E-1);
#1131=CARTESIAN_POINT('',(2.375E-1,6.25E-2,-1.25E-2));
#1132=LINE('',#1131,#1130);
#1133=DIRECTION('',(0.E0,0.E0,1.E0));
#1134=VECTOR('',#1133,2.5E-2);
#1135=CARTESIAN_POINT('',(2.375E-1,3.265E-1,-1.25E-2));
#1136=LINE('',#1135,#1134);
#1137=DIRECTION('',(0.E0,-1.E0,0.E0));
#1138=VECTOR('',#1137,2.64E-1);
#1139=CARTESIAN_POINT('',(2.375E-1,3.265E-1,1.25E-2));
#1140=LINE('',#1139,#1138);
#1141=DIRECTION('',(0.E0,-1.E0,0.E0));
#1142=VECTOR('',#1141,7.4E-2);
#1143=CARTESIAN_POINT('',(2.375E-1,-3.75E-2,1.25E-2));
#1144=LINE('',#1143,#1142);
#1145=CARTESIAN_POINT('',(2.375E-1,-1.115E-1,5.85E-2));
#1146=DIRECTION('',(-1.E0,0.E0,0.E0));
#1147=DIRECTION('',(0.E0,0.E0,-1.E0));
#1148=AXIS2_PLACEMENT_3D('',#1145,#1146,#1147);
#1150=DIRECTION('',(0.E0,0.E0,1.E0));
#1151=VECTOR('',#1150,2.075E-1);
#1152=CARTESIAN_POINT('',(2.375E-1,-1.575E-1,5.85E-2));
#1153=LINE('',#1152,#1151);
#1154=DIRECTION('',(0.E0,-1.E0,0.E0));
#1155=VECTOR('',#1154,2.5E-2);
#1156=CARTESIAN_POINT('',(2.375E-1,-1.575E-1,2.66E-1));
#1157=LINE('',#1156,#1155);
#1158=DIRECTION('',(0.E0,0.E0,-1.E0));
#1159=VECTOR('',#1158,2.075E-1);
#1160=CARTESIAN_POINT('',(2.375E-1,-1.825E-1,2.66E-1));
#1161=LINE('',#1160,#1159);
#1162=CARTESIAN_POINT('',(2.375E-1,-1.115E-1,5.85E-2));
#1163=DIRECTION('',(1.E0,0.E0,0.E0));
#1164=DIRECTION('',(0.E0,-1.E0,0.E0));
#1165=AXIS2_PLACEMENT_3D('',#1162,#1163,#1164);
#1167=DIRECTION('',(0.E0,1.E0,0.E0));
#1168=VECTOR('',#1167,7.4E-2);
#1169=CARTESIAN_POINT('',(2.375E-1,-1.115E-1,-1.25E-2));
#1170=LINE('',#1169,#1168);
#1171=DIRECTION('',(0.E0,-1.E0,0.E0));
#1172=VECTOR('',#1171,2.64E-1);
#1173=CARTESIAN_POINT('',(2.625E-1,3.265E-1,1.25E-2));
#1174=LINE('',#1173,#1172);
#1175=DIRECTION('',(0.E0,0.E0,1.E0));
#1176=VECTOR('',#1175,2.5E-2);
#1177=CARTESIAN_POINT('',(2.625E-1,3.265E-1,-1.25E-2));
#1178=LINE('',#1177,#1176);
#1179=DIRECTION('',(0.E0,1.E0,0.E0));
#1180=VECTOR('',#1179,2.64E-1);
#1181=CARTESIAN_POINT('',(2.625E-1,6.25E-2,-1.25E-2));
#1182=LINE('',#1181,#1180);
#1183=DIRECTION('',(0.E0,1.E0,0.E0));
#1184=VECTOR('',#1183,7.4E-2);
#1185=CARTESIAN_POINT('',(2.625E-1,-1.115E-1,-1.25E-2));
#1186=LINE('',#1185,#1184);
#1187=CARTESIAN_POINT('',(2.625E-1,-1.115E-1,5.85E-2));
#1188=DIRECTION('',(1.E0,0.E0,0.E0));
#1189=DIRECTION('',(0.E0,-1.E0,0.E0));
#1190=AXIS2_PLACEMENT_3D('',#1187,#1188,#1189);
#1192=DIRECTION('',(0.E0,0.E0,-1.E0));
#1193=VECTOR('',#1192,2.075E-1);
#1194=CARTESIAN_POINT('',(2.625E-1,-1.825E-1,2.66E-1));
#1195=LINE('',#1194,#1193);
#1196=DIRECTION('',(0.E0,-1.E0,0.E0));
#1197=VECTOR('',#1196,2.5E-2);
#1198=CARTESIAN_POINT('',(2.625E-1,-1.575E-1,2.66E-1));
#1199=LINE('',#1198,#1197);
#1200=DIRECTION('',(0.E0,0.E0,1.E0));
#1201=VECTOR('',#1200,2.075E-1);
#1202=CARTESIAN_POINT('',(2.625E-1,-1.575E-1,5.85E-2));
#1203=LINE('',#1202,#1201);
#1204=CARTESIAN_POINT('',(2.625E-1,-1.115E-1,5.85E-2));
#1205=DIRECTION('',(-1.E0,0.E0,0.E0));
#1206=DIRECTION('',(0.E0,0.E0,-1.E0));
#1207=AXIS2_PLACEMENT_3D('',#1204,#1205,#1206);
#1209=DIRECTION('',(0.E0,-1.E0,0.E0));
#1210=VECTOR('',#1209,7.4E-2);
#1211=CARTESIAN_POINT('',(2.625E-1,-3.75E-2,1.25E-2));
#1212=LINE('',#1211,#1210);
#1213=DIRECTION('',(1.E0,0.E0,0.E0));
#1214=VECTOR('',#1213,2.5E-2);
#1215=CARTESIAN_POINT('',(2.375E-1,3.265E-1,1.25E-2));
#1216=LINE('',#1215,#1214);
#1217=DIRECTION('',(1.E0,0.E0,0.E0));
#1218=VECTOR('',#1217,2.5E-2);
#1219=CARTESIAN_POINT('',(2.375E-1,3.265E-1,-1.25E-2));
#1220=LINE('',#1219,#1218);
#1221=DIRECTION('',(0.E0,0.E0,-1.E0));
#1222=VECTOR('',#1221,2.5E-1);
#1223=CARTESIAN_POINT('',(2.675E-1,-3.75E-2,1.25E-1));
#1224=LINE('',#1223,#1222);
#1225=DIRECTION('',(0.E0,0.E0,-1.E0));
#1226=VECTOR('',#1225,2.5E-2);
#1227=CARTESIAN_POINT('',(2.375E-1,-3.75E-2,1.25E-2));
#1228=LINE('',#1227,#1226);
#1229=DIRECTION('',(1.E0,0.E0,0.E0));
#1230=VECTOR('',#1229,2.5E-2);
#1231=CARTESIAN_POINT('',(2.375E-1,-3.75E-2,-1.25E-2));
#1232=LINE('',#1231,#1230);
#1233=DIRECTION('',(0.E0,0.E0,-1.E0));
#1234=VECTOR('',#1233,2.5E-2);
#1235=CARTESIAN_POINT('',(2.625E-1,-3.75E-2,1.25E-2));
#1236=LINE('',#1235,#1234);
#1237=DIRECTION('',(1.E0,0.E0,0.E0));
#1238=VECTOR('',#1237,2.5E-2);
#1239=CARTESIAN_POINT('',(2.375E-1,-3.75E-2,1.25E-2));
#1240=LINE('',#1239,#1238);
#1241=DIRECTION('',(1.E0,0.E0,0.E0));
#1242=VECTOR('',#1241,2.5E-2);
#1243=CARTESIAN_POINT('',(2.375E-1,-1.115E-1,-1.25E-2));
#1244=LINE('',#1243,#1242);
#1245=DIRECTION('',(1.E0,0.E0,0.E0));
#1246=VECTOR('',#1245,2.5E-2);
#1247=CARTESIAN_POINT('',(2.375E-1,-1.825E-1,5.85E-2));
#1248=LINE('',#1247,#1246);
#1249=DIRECTION('',(1.E0,0.E0,0.E0));
#1250=VECTOR('',#1249,2.5E-2);
#1251=CARTESIAN_POINT('',(2.375E-1,-1.825E-1,2.66E-1));
#1252=LINE('',#1251,#1250);
#1253=DIRECTION('',(1.E0,0.E0,0.E0));
#1254=VECTOR('',#1253,2.5E-2);
#1255=CARTESIAN_POINT('',(2.375E-1,-1.575E-1,2.66E-1));
#1256=LINE('',#1255,#1254);
#1257=DIRECTION('',(1.E0,0.E0,0.E0));
#1258=VECTOR('',#1257,2.5E-2);
#1259=CARTESIAN_POINT('',(2.375E-1,-1.575E-1,5.85E-2));
#1260=LINE('',#1259,#1258);
#1261=DIRECTION('',(1.E0,0.E0,0.E0));
#1262=VECTOR('',#1261,2.5E-2);
#1263=CARTESIAN_POINT('',(2.375E-1,-1.115E-1,1.25E-2));
#1264=LINE('',#1263,#1262);
#1265=DIRECTION('',(0.E0,-1.E0,0.E0));
#1266=VECTOR('',#1265,4.E-2);
#1267=CARTESIAN_POINT('',(8.3E-2,1.025E-1,-9.E-2));
#1268=LINE('',#1267,#1266);
#1269=DIRECTION('',(1.E0,0.E0,0.E0));
#1270=VECTOR('',#1269,3.33E-1);
#1271=CARTESIAN_POINT('',(-2.5E-1,1.025E-1,-9.E-2));
#1272=LINE('',#1271,#1270);
#1273=DIRECTION('',(0.E0,-1.E0,0.E0));
#1274=VECTOR('',#1273,4.E-2);
#1275=CARTESIAN_POINT('',(1.23E-1,1.025E-1,-9.E-2));
#1276=LINE('',#1275,#1274);
#1277=DIRECTION('',(1.E0,0.E0,0.E0));
#1278=VECTOR('',#1277,1.27E-1);
#1279=CARTESIAN_POINT('',(1.23E-1,1.025E-1,-9.E-2));
#1280=LINE('',#1279,#1278);
#1281=DIRECTION('',(0.E0,-6.454598724468E-1,-7.637941823954E-1));
#1282=VECTOR('',#1281,4.647848964844E-2);
#1283=CARTESIAN_POINT('',(8.3E-2,1.325E-1,-5.45E-2));
#1284=LINE('',#1283,#1282);
#1285=DIRECTION('',(1.E0,0.E0,0.E0));
#1286=VECTOR('',#1285,3.33E-1);
#1287=CARTESIAN_POINT('',(-2.5E-1,1.325E-1,-5.45E-2));
#1288=LINE('',#1287,#1286);
#1289=DIRECTION('',(0.E0,-6.454598724468E-1,-7.637941823954E-1));
#1290=VECTOR('',#1289,4.647848964844E-2);
#1291=CARTESIAN_POINT('',(1.23E-1,1.325E-1,-5.45E-2));
#1292=LINE('',#1291,#1290);
#1293=DIRECTION('',(1.E0,0.E0,0.E0));
#1294=VECTOR('',#1293,1.27E-1);
#1295=CARTESIAN_POINT('',(1.23E-1,1.325E-1,-5.45E-2));
#1296=LINE('',#1295,#1294);
#1297=DIRECTION('',(0.E0,1.E0,0.E0));
#1298=VECTOR('',#1297,1.97E-1);
#1299=CARTESIAN_POINT('',(-2.5E-1,6.25E-2,-1.25E-1));
#1300=LINE('',#1299,#1298);
#1301=DIRECTION('',(0.E0,0.E0,1.E0));
#1302=VECTOR('',#1301,2.824647887324E-2);
#1303=CARTESIAN_POINT('',(-2.5E-1,2.595E-1,-1.25E-1));
#1304=LINE('',#1303,#1302);
#1305=DIRECTION('',(0.E0,-7.637941823954E-1,6.454598724468E-1));
#1306=VECTOR('',#1305,6.546266147667E-2);
#1307=CARTESIAN_POINT('',(-2.5E-1,2.595E-1,-9.675352112676E-2));
#1308=LINE('',#1307,#1306);
#1309=DIRECTION('',(0.E0,-1.E0,0.E0));
#1310=VECTOR('',#1309,7.7E-2);
#1311=CARTESIAN_POINT('',(-2.5E-1,2.095E-1,-5.45E-2));
#1312=LINE('',#1311,#1310);
#1313=DIRECTION('',(0.E0,-6.454598724468E-1,-7.637941823954E-1));
#1314=VECTOR('',#1313,4.647848964844E-2);
#1315=CARTESIAN_POINT('',(-2.5E-1,1.325E-1,-5.45E-2));
#1316=LINE('',#1315,#1314);
#1317=DIRECTION('',(0.E0,-1.E0,0.E0));
#1318=VECTOR('',#1317,4.E-2);
#1319=CARTESIAN_POINT('',(-2.5E-1,1.025E-1,-9.E-2));
#1320=LINE('',#1319,#1318);
#1321=DIRECTION('',(0.E0,0.E0,1.E0));
#1322=VECTOR('',#1321,2.824647887324E-2);
#1323=CARTESIAN_POINT('',(8.3E-2,2.595E-1,-1.25E-1));
#1324=LINE('',#1323,#1322);
#1325=DIRECTION('',(1.E0,0.E0,0.E0));
#1326=VECTOR('',#1325,3.33E-1);
#1327=CARTESIAN_POINT('',(-2.5E-1,2.595E-1,-1.25E-1));
#1328=LINE('',#1327,#1326);
#1329=DIRECTION('',(0.E0,0.E0,1.E0));
#1330=VECTOR('',#1329,2.824647887324E-2);
#1331=CARTESIAN_POINT('',(1.23E-1,2.595E-1,-1.25E-1));
#1332=LINE('',#1331,#1330);
#1333=DIRECTION('',(1.E0,0.E0,0.E0));
#1334=VECTOR('',#1333,1.27E-1);
#1335=CARTESIAN_POINT('',(1.23E-1,2.595E-1,-1.25E-1));
#1336=LINE('',#1335,#1334);
#1337=DIRECTION('',(0.E0,-7.637941823954E-1,6.454598724468E-1));
#1338=VECTOR('',#1337,6.546266147667E-2);
#1339=CARTESIAN_POINT('',(8.3E-2,2.595E-1,-9.675352112676E-2));
#1340=LINE('',#1339,#1338);
#1341=DIRECTION('',(1.E0,0.E0,0.E0));
#1342=VECTOR('',#1341,3.33E-1);
#1343=CARTESIAN_POINT('',(-2.5E-1,2.595E-1,-9.675352112676E-2));
#1344=LINE('',#1343,#1342);
#1345=DIRECTION('',(0.E0,-7.637941823954E-1,6.454598724468E-1));
#1346=VECTOR('',#1345,6.546266147667E-2);
#1347=CARTESIAN_POINT('',(1.23E-1,2.595E-1,-9.675352112676E-2));
#1348=LINE('',#1347,#1346);
#1349=DIRECTION('',(1.E0,0.E0,0.E0));
#1350=VECTOR('',#1349,1.27E-1);
#1351=CARTESIAN_POINT('',(1.23E-1,2.595E-1,-9.675352112676E-2));
#1352=LINE('',#1351,#1350);
#1353=DIRECTION('',(0.E0,-1.E0,0.E0));
#1354=VECTOR('',#1353,7.7E-2);
#1355=CARTESIAN_POINT('',(8.3E-2,2.095E-1,-5.45E-2));
#1356=LINE('',#1355,#1354);
#1357=DIRECTION('',(1.E0,0.E0,0.E0));
#1358=VECTOR('',#1357,3.33E-1);
#1359=CARTESIAN_POINT('',(-2.5E-1,2.095E-1,-5.45E-2));
#1360=LINE('',#1359,#1358);
#1361=DIRECTION('',(0.E0,-1.E0,0.E0));
#1362=VECTOR('',#1361,7.7E-2);
#1363=CARTESIAN_POINT('',(1.23E-1,2.095E-1,-5.45E-2));
#1364=LINE('',#1363,#1362);
#1365=DIRECTION('',(1.E0,0.E0,0.E0));
#1366=VECTOR('',#1365,1.27E-1);
#1367=CARTESIAN_POINT('',(1.23E-1,2.095E-1,-5.45E-2));
#1368=LINE('',#1367,#1366);
#1369=DIRECTION('',(0.E0,-1.E0,0.E0));
#1370=VECTOR('',#1369,4.E-2);
#1371=CARTESIAN_POINT('',(2.5E-1,1.025E-1,-9.E-2));
#1372=LINE('',#1371,#1370);
#1373=DIRECTION('',(0.E0,-6.454598724468E-1,-7.637941823954E-1));
#1374=VECTOR('',#1373,4.647848964844E-2);
#1375=CARTESIAN_POINT('',(2.5E-1,1.325E-1,-5.45E-2));
#1376=LINE('',#1375,#1374);
#1377=DIRECTION('',(0.E0,-1.E0,0.E0));
#1378=VECTOR('',#1377,7.7E-2);
#1379=CARTESIAN_POINT('',(2.5E-1,2.095E-1,-5.45E-2));
#1380=LINE('',#1379,#1378);
#1381=DIRECTION('',(0.E0,-7.637941823954E-1,6.454598724468E-1));
#1382=VECTOR('',#1381,6.546266147667E-2);
#1383=CARTESIAN_POINT('',(2.5E-1,2.595E-1,-9.675352112676E-2));
#1384=LINE('',#1383,#1382);
#1385=DIRECTION('',(0.E0,0.E0,1.E0));
#1386=VECTOR('',#1385,2.824647887324E-2);
#1387=CARTESIAN_POINT('',(2.5E-1,2.595E-1,-1.25E-1));
#1388=LINE('',#1387,#1386);
#1389=DIRECTION('',(0.E0,1.E0,0.E0));
#1390=VECTOR('',#1389,1.97E-1);
#1391=CARTESIAN_POINT('',(2.5E-1,6.25E-2,-1.25E-1));
#1392=LINE('',#1391,#1390);
#1393=DIRECTION('',(0.E0,-1.E0,0.E0));
#1394=VECTOR('',#1393,1.25E-1);
#1395=CARTESIAN_POINT('',(2.97E-1,6.25E-2,1.25E-1));
#1396=LINE('',#1395,#1394);
#1397=DIRECTION('',(0.E0,0.E0,1.E0));
#1398=VECTOR('',#1397,2.5E-1);
#1399=CARTESIAN_POINT('',(2.97E-1,6.25E-2,-1.25E-1));
#1400=LINE('',#1399,#1398);
#1401=DIRECTION('',(0.E0,1.E0,0.E0));
#1402=VECTOR('',#1401,1.25E-1);
#1403=CARTESIAN_POINT('',(2.97E-1,-6.25E-2,-1.25E-1));
#1404=LINE('',#1403,#1402);
#1405=DIRECTION('',(0.E0,0.E0,-1.E0));
#1406=VECTOR('',#1405,2.5E-1);
#1407=CARTESIAN_POINT('',(2.97E-1,-6.25E-2,1.25E-1));
#1408=LINE('',#1407,#1406);
#1409=DIRECTION('',(0.E0,1.E0,0.E0));
#1410=VECTOR('',#1409,4.E-2);
#1411=CARTESIAN_POINT('',(2.97E-1,-1.E-2,-9.E-2));
#1412=LINE('',#1411,#1410);
#1413=DIRECTION('',(0.E0,0.E0,1.E0));
#1414=VECTOR('',#1413,1.8E-1);
#1415=CARTESIAN_POINT('',(2.97E-1,3.E-2,-9.E-2));
#1416=LINE('',#1415,#1414);
#1417=DIRECTION('',(0.E0,1.E0,0.E0));
#1418=VECTOR('',#1417,4.E-2);
#1419=CARTESIAN_POINT('',(2.97E-1,-1.E-2,9.E-2));
#1420=LINE('',#1419,#1418);
#1421=DIRECTION('',(0.E0,0.E0,1.E0));
#1422=VECTOR('',#1421,1.8E-1);
#1423=CARTESIAN_POINT('',(2.97E-1,-1.E-2,-9.E-2));
#1424=LINE('',#1423,#1422);
#1425=DIRECTION('',(-8.944271909999E-1,4.472135955E-1,0.E0));
#1426=VECTOR('',#1425,1.118033988750E-2);
#1427=CARTESIAN_POINT('',(-2.87E-1,2.5E-2,-9.E-2));
#1428=LINE('',#1427,#1426);
#1429=DIRECTION('',(0.E0,-1.E0,0.E0));
#1430=VECTOR('',#1429,3.E-2);
#1431=CARTESIAN_POINT('',(-2.87E-1,2.5E-2,-9.E-2));
#1432=LINE('',#1431,#1430);
#1433=DIRECTION('',(8.944271909999E-1,4.472135955E-1,0.E0));
#1434=VECTOR('',#1433,1.118033988750E-2);
#1435=CARTESIAN_POINT('',(-2.97E-1,-1.E-2,-9.E-2));
#1436=LINE('',#1435,#1434);
#1437=DIRECTION('',(8.944271909999E-1,-4.472135955E-1,0.E0));
#1438=VECTOR('',#1437,1.118033988750E-2);
#1439=CARTESIAN_POINT('',(2.87E-1,-5.E-3,-9.E-2));
#1440=LINE('',#1439,#1438);
#1441=DIRECTION('',(0.E0,1.E0,0.E0));
#1442=VECTOR('',#1441,3.E-2);
#1443=CARTESIAN_POINT('',(2.87E-1,-5.E-3,-9.E-2));
#1444=LINE('',#1443,#1442);
#1445=DIRECTION('',(-8.944271909999E-1,-4.472135955E-1,0.E0));
#1446=VECTOR('',#1445,1.118033988750E-2);
#1447=CARTESIAN_POINT('',(2.97E-1,3.E-2,-9.E-2));
#1448=LINE('',#1447,#1446);
#1449=DIRECTION('',(0.E0,0.E0,-1.E0));
#1450=VECTOR('',#1449,1.8E-1);
#1451=CARTESIAN_POINT('',(-2.87E-1,2.5E-2,9.E-2));
#1452=LINE('',#1451,#1450);
#1453=DIRECTION('',(8.944271909999E-1,4.472135955E-1,0.E0));
#1454=VECTOR('',#1453,1.118033988750E-2);
#1455=CARTESIAN_POINT('',(-2.97E-1,-1.E-2,9.E-2));
#1456=LINE('',#1455,#1454);
#1457=DIRECTION('',(0.E0,-1.E0,0.E0));
#1458=VECTOR('',#1457,3.E-2);
#1459=CARTESIAN_POINT('',(-2.87E-1,2.5E-2,9.E-2));
#1460=LINE('',#1459,#1458);
#1461=DIRECTION('',(-8.944271909999E-1,4.472135955E-1,0.E0));
#1462=VECTOR('',#1461,1.118033988750E-2);
#1463=CARTESIAN_POINT('',(-2.87E-1,2.5E-2,9.E-2));
#1464=LINE('',#1463,#1462);
#1465=DIRECTION('',(-8.944271909999E-1,-4.472135955E-1,0.E0));
#1466=VECTOR('',#1465,1.118033988750E-2);
#1467=CARTESIAN_POINT('',(2.97E-1,3.E-2,9.E-2));
#1468=LINE('',#1467,#1466);
#1469=DIRECTION('',(0.E0,1.E0,0.E0));
#1470=VECTOR('',#1469,3.E-2);
#1471=CARTESIAN_POINT('',(2.87E-1,-5.E-3,9.E-2));
#1472=LINE('',#1471,#1470);
#1473=DIRECTION('',(8.944271909999E-1,-4.472135955E-1,0.E0));
#1474=VECTOR('',#1473,1.118033988750E-2);
#1475=CARTESIAN_POINT('',(2.87E-1,-5.E-3,9.E-2));
#1476=LINE('',#1475,#1474);
#1477=DIRECTION('',(0.E0,0.E0,-1.E0));
#1478=VECTOR('',#1477,1.8E-1);
#1479=CARTESIAN_POINT('',(-2.87E-1,-5.E-3,9.E-2));
#1480=LINE('',#1479,#1478);
#1481=DIRECTION('',(0.E0,0.E0,-1.E0));
#1482=VECTOR('',#1481,1.8E-1);
#1483=CARTESIAN_POINT('',(2.87E-1,2.5E-2,9.E-2));
#1484=LINE('',#1483,#1482);
#1485=DIRECTION('',(0.E0,0.E0,-1.E0));
#1486=VECTOR('',#1485,1.8E-1);
#1487=CARTESIAN_POINT('',(2.87E-1,-5.E-3,9.E-2));
#1488=LINE('',#1487,#1486);
#1489=CARTESIAN_POINT('',(-2.97E-1,6.25E-2,1.25E-1));
#1490=CARTESIAN_POINT('',(-2.97E-1,-6.25E-2,1.25E-1));
#1491=VERTEX_POINT('',#1489);
#1492=VERTEX_POINT('',#1490);
#1493=CARTESIAN_POINT('',(-2.97E-1,-6.25E-2,-1.25E-1));
#1494=VERTEX_POINT('',#1493);
#1495=CARTESIAN_POINT('',(-2.97E-1,6.25E-2,-1.25E-1));
#1496=VERTEX_POINT('',#1495);
#1497=CARTESIAN_POINT('',(2.97E-1,6.25E-2,1.25E-1));
#1498=CARTESIAN_POINT('',(2.97E-1,-6.25E-2,1.25E-1));
#1499=VERTEX_POINT('',#1497);
#1500=VERTEX_POINT('',#1498);
#1501=CARTESIAN_POINT('',(2.97E-1,-6.25E-2,-1.25E-1));
#1502=VERTEX_POINT('',#1501);
#1503=CARTESIAN_POINT('',(2.97E-1,6.25E-2,-1.25E-1));
#1504=VERTEX_POINT('',#1503);
#1505=CARTESIAN_POINT('',(-2.5E-1,2.595E-1,-1.25E-1));
#1506=CARTESIAN_POINT('',(-2.5E-1,2.595E-1,-9.675352112676E-2));
#1507=VERTEX_POINT('',#1505);
#1508=VERTEX_POINT('',#1506);
#1509=CARTESIAN_POINT('',(-2.5E-1,2.095E-1,-5.45E-2));
#1510=VERTEX_POINT('',#1509);
#1511=CARTESIAN_POINT('',(-2.5E-1,1.325E-1,-5.45E-2));
#1512=VERTEX_POINT('',#1511);
#1513=CARTESIAN_POINT('',(-2.5E-1,1.025E-1,-9.E-2));
#1514=VERTEX_POINT('',#1513);
#1515=CARTESIAN_POINT('',(2.5E-1,2.595E-1,-1.25E-1));
#1516=CARTESIAN_POINT('',(2.5E-1,2.595E-1,-9.675352112676E-2));
#1517=VERTEX_POINT('',#1515);
#1518=VERTEX_POINT('',#1516);
#1519=CARTESIAN_POINT('',(2.5E-1,2.095E-1,-5.45E-2));
#1520=VERTEX_POINT('',#1519);
#1521=CARTESIAN_POINT('',(2.5E-1,1.325E-1,-5.45E-2));
#1522=VERTEX_POINT('',#1521);
#1523=CARTESIAN_POINT('',(2.5E-1,1.025E-1,-9.E-2));
#1524=VERTEX_POINT('',#1523);
#1525=CARTESIAN_POINT('',(-2.5E-1,6.25E-2,-1.25E-1));
#1526=CARTESIAN_POINT('',(-2.5E-1,6.25E-2,-9.E-2));
#1527=VERTEX_POINT('',#1525);
#1528=VERTEX_POINT('',#1526);
#1529=CARTESIAN_POINT('',(2.5E-1,6.25E-2,-1.25E-1));
#1530=CARTESIAN_POINT('',(2.5E-1,6.25E-2,-9.E-2));
#1531=VERTEX_POINT('',#1529);
#1532=VERTEX_POINT('',#1530);
#1533=CARTESIAN_POINT('',(-2.625E-1,3.265E-1,-1.25E-2));
#1534=CARTESIAN_POINT('',(-2.625E-1,3.265E-1,1.25E-2));
#1535=VERTEX_POINT('',#1533);
#1536=VERTEX_POINT('',#1534);
#1537=CARTESIAN_POINT('',(-2.375E-1,3.265E-1,-1.25E-2));
#1538=CARTESIAN_POINT('',(-2.375E-1,3.265E-1,1.25E-2));
#1539=VERTEX_POINT('',#1537);
#1540=VERTEX_POINT('',#1538);
#1541=CARTESIAN_POINT('',(-2.625E-1,6.25E-2,1.25E-2));
#1542=CARTESIAN_POINT('',(-2.625E-1,6.25E-2,-1.25E-2));
#1543=VERTEX_POINT('',#1541);
#1544=VERTEX_POINT('',#1542);
#1545=CARTESIAN_POINT('',(-2.375E-1,6.25E-2,1.25E-2));
#1546=CARTESIAN_POINT('',(-2.375E-1,6.25E-2,-1.25E-2));
#1547=VERTEX_POINT('',#1545);
#1548=VERTEX_POINT('',#1546);
#1549=CARTESIAN_POINT('',(-2.625E-1,-1.115E-1,-1.25E-2));
#1550=CARTESIAN_POINT('',(-2.625E-1,-3.75E-2,-1.25E-2));
#1551=VERTEX_POINT('',#1549);
#1552=VERTEX_POINT('',#1550);
#1553=CARTESIAN_POINT('',(-2.625E-1,-3.75E-2,1.25E-2));
#1554=CARTESIAN_POINT('',(-2.625E-1,-1.115E-1,1.25E-2));
#1555=VERTEX_POINT('',#1553);
#1556=VERTEX_POINT('',#1554);
#1557=CARTESIAN_POINT('',(-2.375E-1,-1.115E-1,-1.25E-2));
#1558=CARTESIAN_POINT('',(-2.375E-1,-3.75E-2,-1.25E-2));
#1559=VERTEX_POINT('',#1557);
#1560=VERTEX_POINT('',#1558);
#1561=CARTESIAN_POINT('',(-2.375E-1,-3.75E-2,1.25E-2));
#1562=CARTESIAN_POINT('',(-2.375E-1,-1.115E-1,1.25E-2));
#1563=VERTEX_POINT('',#1561);
#1564=VERTEX_POINT('',#1562);
#1565=CARTESIAN_POINT('',(-2.675E-1,-6.25E-2,1.25E-1));
#1566=CARTESIAN_POINT('',(-2.675E-1,-6.25E-2,-1.25E-1));
#1567=VERTEX_POINT('',#1565);
#1568=VERTEX_POINT('',#1566);
#1569=CARTESIAN_POINT('',(-2.325E-1,-6.25E-2,1.25E-1));
#1570=CARTESIAN_POINT('',(-2.325E-1,-6.25E-2,-1.25E-1));
#1571=VERTEX_POINT('',#1569);
#1572=VERTEX_POINT('',#1570);
#1573=CARTESIAN_POINT('',(-2.675E-1,-3.75E-2,-1.25E-1));
#1574=VERTEX_POINT('',#1573);
#1575=CARTESIAN_POINT('',(-2.325E-1,-3.75E-2,-1.25E-1));
#1576=VERTEX_POINT('',#1575);
#1577=CARTESIAN_POINT('',(-2.675E-1,-3.75E-2,1.25E-1));
#1578=VERTEX_POINT('',#1577);
#1579=CARTESIAN_POINT('',(-2.325E-1,-3.75E-2,1.25E-1));
#1580=VERTEX_POINT('',#1579);
#1581=CARTESIAN_POINT('',(-1.675E-1,-6.25E-2,1.25E-1));
#1582=CARTESIAN_POINT('',(-1.675E-1,-6.25E-2,-1.25E-1));
#1583=VERTEX_POINT('',#1581);
#1584=VERTEX_POINT('',#1582);
#1585=CARTESIAN_POINT('',(-1.325E-1,-6.25E-2,1.25E-1));
#1586=CARTESIAN_POINT('',(-1.325E-1,-6.25E-2,-1.25E-1));
#1587=VERTEX_POINT('',#1585);
#1588=VERTEX_POINT('',#1586);
#1589=CARTESIAN_POINT('',(-1.675E-1,-3.75E-2,-1.25E-1));
#1590=VERTEX_POINT('',#1589);
#1591=CARTESIAN_POINT('',(-1.325E-1,-3.75E-2,-1.25E-1));
#1592=VERTEX_POINT('',#1591);
#1593=CARTESIAN_POINT('',(-1.675E-1,-3.75E-2,1.25E-1));
#1594=VERTEX_POINT('',#1593);
#1595=CARTESIAN_POINT('',(-1.325E-1,-3.75E-2,1.25E-1));
#1596=VERTEX_POINT('',#1595);
#1597=CARTESIAN_POINT('',(-6.75E-2,-6.25E-2,1.25E-1));
#1598=CARTESIAN_POINT('',(-6.75E-2,-6.25E-2,-1.25E-1));
#1599=VERTEX_POINT('',#1597);
#1600=VERTEX_POINT('',#1598);
#1601=CARTESIAN_POINT('',(-3.25E-2,-6.25E-2,1.25E-1));
#1602=CARTESIAN_POINT('',(-3.25E-2,-6.25E-2,-1.25E-1));
#1603=VERTEX_POINT('',#1601);
#1604=VERTEX_POINT('',#1602);
#1605=CARTESIAN_POINT('',(-6.75E-2,-3.75E-2,-1.25E-1));
#1606=VERTEX_POINT('',#1605);
#1607=CARTESIAN_POINT('',(-3.25E-2,-3.75E-2,-1.25E-1));
#1608=VERTEX_POINT('',#1607);
#1609=CARTESIAN_POINT('',(-6.75E-2,-3.75E-2,1.25E-1));
#1610=VERTEX_POINT('',#1609);
#1611=CARTESIAN_POINT('',(-3.25E-2,-3.75E-2,1.25E-1));
#1612=VERTEX_POINT('',#1611);
#1613=CARTESIAN_POINT('',(3.25E-2,-6.25E-2,1.25E-1));
#1614=CARTESIAN_POINT('',(3.25E-2,-6.25E-2,-1.25E-1));
#1615=VERTEX_POINT('',#1613);
#1616=VERTEX_POINT('',#1614);
#1617=CARTESIAN_POINT('',(6.75E-2,-6.25E-2,1.25E-1));
#1618=CARTESIAN_POINT('',(6.75E-2,-6.25E-2,-1.25E-1));
#1619=VERTEX_POINT('',#1617);
#1620=VERTEX_POINT('',#1618);
#1621=CARTESIAN_POINT('',(3.25E-2,-3.75E-2,-1.25E-1));
#1622=VERTEX_POINT('',#1621);
#1623=CARTESIAN_POINT('',(6.75E-2,-3.75E-2,-1.25E-1));
#1624=VERTEX_POINT('',#1623);
#1625=CARTESIAN_POINT('',(3.25E-2,-3.75E-2,1.25E-1));
#1626=VERTEX_POINT('',#1625);
#1627=CARTESIAN_POINT('',(6.75E-2,-3.75E-2,1.25E-1));
#1628=VERTEX_POINT('',#1627);
#1629=CARTESIAN_POINT('',(1.325E-1,-6.25E-2,1.25E-1));
#1630=CARTESIAN_POINT('',(1.325E-1,-6.25E-2,-1.25E-1));
#1631=VERTEX_POINT('',#1629);
#1632=VERTEX_POINT('',#1630);
#1633=CARTESIAN_POINT('',(1.675E-1,-6.25E-2,1.25E-1));
#1634=CARTESIAN_POINT('',(1.675E-1,-6.25E-2,-1.25E-1));
#1635=VERTEX_POINT('',#1633);
#1636=VERTEX_POINT('',#1634);
#1637=CARTESIAN_POINT('',(1.325E-1,-3.75E-2,-1.25E-1));
#1638=VERTEX_POINT('',#1637);
#1639=CARTESIAN_POINT('',(1.675E-1,-3.75E-2,-1.25E-1));
#1640=VERTEX_POINT('',#1639);
#1641=CARTESIAN_POINT('',(1.325E-1,-3.75E-2,1.25E-1));
#1642=VERTEX_POINT('',#1641);
#1643=CARTESIAN_POINT('',(1.675E-1,-3.75E-2,1.25E-1));
#1644=VERTEX_POINT('',#1643);
#1645=CARTESIAN_POINT('',(2.325E-1,-6.25E-2,1.25E-1));
#1646=CARTESIAN_POINT('',(2.325E-1,-6.25E-2,-1.25E-1));
#1647=VERTEX_POINT('',#1645);
#1648=VERTEX_POINT('',#1646);
#1649=CARTESIAN_POINT('',(2.675E-1,-6.25E-2,1.25E-1));
#1650=CARTESIAN_POINT('',(2.675E-1,-6.25E-2,-1.25E-1));
#1651=VERTEX_POINT('',#1649);
#1652=VERTEX_POINT('',#1650);
#1653=CARTESIAN_POINT('',(2.325E-1,-3.75E-2,-1.25E-1));
#1654=VERTEX_POINT('',#1653);
#1655=CARTESIAN_POINT('',(2.675E-1,-3.75E-2,-1.25E-1));
#1656=VERTEX_POINT('',#1655);
#1657=CARTESIAN_POINT('',(2.325E-1,-3.75E-2,1.25E-1));
#1658=VERTEX_POINT('',#1657);
#1659=CARTESIAN_POINT('',(2.675E-1,-3.75E-2,1.25E-1));
#1660=VERTEX_POINT('',#1659);
#1661=CARTESIAN_POINT('',(-1.625E-1,3.265E-1,-1.25E-2));
#1662=CARTESIAN_POINT('',(-1.625E-1,3.265E-1,1.25E-2));
#1663=VERTEX_POINT('',#1661);
#1664=VERTEX_POINT('',#1662);
#1665=CARTESIAN_POINT('',(-1.375E-1,3.265E-1,-1.25E-2));
#1666=CARTESIAN_POINT('',(-1.375E-1,3.265E-1,1.25E-2));
#1667=VERTEX_POINT('',#1665);
#1668=VERTEX_POINT('',#1666);
#1669=CARTESIAN_POINT('',(-1.625E-1,6.25E-2,1.25E-2));
#1670=CARTESIAN_POINT('',(-1.625E-1,6.25E-2,-1.25E-2));
#1671=VERTEX_POINT('',#1669);
#1672=VERTEX_POINT('',#1670);
#1673=CARTESIAN_POINT('',(-1.375E-1,6.25E-2,1.25E-2));
#1674=CARTESIAN_POINT('',(-1.375E-1,6.25E-2,-1.25E-2));
#1675=VERTEX_POINT('',#1673);
#1676=VERTEX_POINT('',#1674);
#1677=CARTESIAN_POINT('',(-1.625E-1,-3.75E-2,1.25E-2));
#1678=CARTESIAN_POINT('',(-1.625E-1,-3.75E-2,-1.25E-2));
#1679=VERTEX_POINT('',#1677);
#1680=VERTEX_POINT('',#1678);
#1681=CARTESIAN_POINT('',(-1.375E-1,-3.75E-2,1.25E-2));
#1682=CARTESIAN_POINT('',(-1.375E-1,-3.75E-2,-1.25E-2));
#1683=VERTEX_POINT('',#1681);
#1684=VERTEX_POINT('',#1682);
#1685=CARTESIAN_POINT('',(-1.625E-1,-1.115E-1,-1.25E-2));
#1686=VERTEX_POINT('',#1685);
#1687=CARTESIAN_POINT('',(-1.625E-1,-1.115E-1,1.25E-2));
#1688=VERTEX_POINT('',#1687);
#1689=CARTESIAN_POINT('',(-1.375E-1,-1.115E-1,-1.25E-2));
#1690=VERTEX_POINT('',#1689);
#1691=CARTESIAN_POINT('',(-1.375E-1,-1.115E-1,1.25E-2));
#1692=VERTEX_POINT('',#1691);
#1693=CARTESIAN_POINT('',(-6.25E-2,3.265E-1,-1.25E-2));
#1694=CARTESIAN_POINT('',(-6.25E-2,3.265E-1,1.25E-2));
#1695=VERTEX_POINT('',#1693);
#1696=VERTEX_POINT('',#1694);
#1697=CARTESIAN_POINT('',(-3.75E-2,3.265E-1,-1.25E-2));
#1698=CARTESIAN_POINT('',(-3.75E-2,3.265E-1,1.25E-2));
#1699=VERTEX_POINT('',#1697);
#1700=VERTEX_POINT('',#1698);
#1701=CARTESIAN_POINT('',(-6.25E-2,6.25E-2,1.25E-2));
#1702=CARTESIAN_POINT('',(-6.25E-2,6.25E-2,-1.25E-2));
#1703=VERTEX_POINT('',#1701);
#1704=VERTEX_POINT('',#1702);
#1705=CARTESIAN_POINT('',(-3.75E-2,6.25E-2,1.25E-2));
#1706=CARTESIAN_POINT('',(-3.75E-2,6.25E-2,-1.25E-2));
#1707=VERTEX_POINT('',#1705);
#1708=VERTEX_POINT('',#1706);
#1709=CARTESIAN_POINT('',(-6.25E-2,-3.75E-2,1.25E-2));
#1710=CARTESIAN_POINT('',(-6.25E-2,-3.75E-2,-1.25E-2));
#1711=VERTEX_POINT('',#1709);
#1712=VERTEX_POINT('',#1710);
#1713=CARTESIAN_POINT('',(-3.75E-2,-3.75E-2,1.25E-2));
#1714=CARTESIAN_POINT('',(-3.75E-2,-3.75E-2,-1.25E-2));
#1715=VERTEX_POINT('',#1713);
#1716=VERTEX_POINT('',#1714);
#1717=CARTESIAN_POINT('',(-6.25E-2,-1.115E-1,-1.25E-2));
#1718=VERTEX_POINT('',#1717);
#1719=CARTESIAN_POINT('',(-6.25E-2,-1.115E-1,1.25E-2));
#1720=VERTEX_POINT('',#1719);
#1721=CARTESIAN_POINT('',(-3.75E-2,-1.115E-1,-1.25E-2));
#1722=VERTEX_POINT('',#1721);
#1723=CARTESIAN_POINT('',(-3.75E-2,-1.115E-1,1.25E-2));
#1724=VERTEX_POINT('',#1723);
#1725=CARTESIAN_POINT('',(3.75E-2,3.265E-1,-1.25E-2));
#1726=CARTESIAN_POINT('',(3.75E-2,3.265E-1,1.25E-2));
#1727=VERTEX_POINT('',#1725);
#1728=VERTEX_POINT('',#1726);
#1729=CARTESIAN_POINT('',(6.25E-2,3.265E-1,-1.25E-2));
#1730=CARTESIAN_POINT('',(6.25E-2,3.265E-1,1.25E-2));
#1731=VERTEX_POINT('',#1729);
#1732=VERTEX_POINT('',#1730);
#1733=CARTESIAN_POINT('',(3.75E-2,6.25E-2,1.25E-2));
#1734=CARTESIAN_POINT('',(3.75E-2,6.25E-2,-1.25E-2));
#1735=VERTEX_POINT('',#1733);
#1736=VERTEX_POINT('',#1734);
#1737=CARTESIAN_POINT('',(6.25E-2,6.25E-2,1.25E-2));
#1738=CARTESIAN_POINT('',(6.25E-2,6.25E-2,-1.25E-2));
#1739=VERTEX_POINT('',#1737);
#1740=VERTEX_POINT('',#1738);
#1741=CARTESIAN_POINT('',(3.75E-2,-3.75E-2,1.25E-2));
#1742=CARTESIAN_POINT('',(3.75E-2,-3.75E-2,-1.25E-2));
#1743=VERTEX_POINT('',#1741);
#1744=VERTEX_POINT('',#1742);
#1745=CARTESIAN_POINT('',(6.25E-2,-3.75E-2,1.25E-2));
#1746=CARTESIAN_POINT('',(6.25E-2,-3.75E-2,-1.25E-2));
#1747=VERTEX_POINT('',#1745);
#1748=VERTEX_POINT('',#1746);
#1749=CARTESIAN_POINT('',(3.75E-2,-1.115E-1,-1.25E-2));
#1750=VERTEX_POINT('',#1749);
#1751=CARTESIAN_POINT('',(3.75E-2,-1.115E-1,1.25E-2));
#1752=VERTEX_POINT('',#1751);
#1753=CARTESIAN_POINT('',(6.25E-2,-1.115E-1,-1.25E-2));
#1754=VERTEX_POINT('',#1753);
#1755=CARTESIAN_POINT('',(6.25E-2,-1.115E-1,1.25E-2));
#1756=VERTEX_POINT('',#1755);
#1757=CARTESIAN_POINT('',(1.375E-1,3.265E-1,-1.25E-2));
#1758=CARTESIAN_POINT('',(1.375E-1,3.265E-1,1.25E-2));
#1759=VERTEX_POINT('',#1757);
#1760=VERTEX_POINT('',#1758);
#1761=CARTESIAN_POINT('',(1.625E-1,3.265E-1,-1.25E-2));
#1762=CARTESIAN_POINT('',(1.625E-1,3.265E-1,1.25E-2));
#1763=VERTEX_POINT('',#1761);
#1764=VERTEX_POINT('',#1762);
#1765=CARTESIAN_POINT('',(1.375E-1,6.25E-2,1.25E-2));
#1766=CARTESIAN_POINT('',(1.375E-1,6.25E-2,-1.25E-2));
#1767=VERTEX_POINT('',#1765);
#1768=VERTEX_POINT('',#1766);
#1769=CARTESIAN_POINT('',(1.625E-1,6.25E-2,1.25E-2));
#1770=CARTESIAN_POINT('',(1.625E-1,6.25E-2,-1.25E-2));
#1771=VERTEX_POINT('',#1769);
#1772=VERTEX_POINT('',#1770);
#1773=CARTESIAN_POINT('',(1.375E-1,-3.75E-2,1.25E-2));
#1774=CARTESIAN_POINT('',(1.375E-1,-3.75E-2,-1.25E-2));
#1775=VERTEX_POINT('',#1773);
#1776=VERTEX_POINT('',#1774);
#1777=CARTESIAN_POINT('',(1.625E-1,-3.75E-2,1.25E-2));
#1778=CARTESIAN_POINT('',(1.625E-1,-3.75E-2,-1.25E-2));
#1779=VERTEX_POINT('',#1777);
#1780=VERTEX_POINT('',#1778);
#1781=CARTESIAN_POINT('',(1.375E-1,-1.115E-1,-1.25E-2));
#1782=VERTEX_POINT('',#1781);
#1783=CARTESIAN_POINT('',(1.375E-1,-1.115E-1,1.25E-2));
#1784=VERTEX_POINT('',#1783);
#1785=CARTESIAN_POINT('',(1.625E-1,-1.115E-1,-1.25E-2));
#1786=VERTEX_POINT('',#1785);
#1787=CARTESIAN_POINT('',(1.625E-1,-1.115E-1,1.25E-2));
#1788=VERTEX_POINT('',#1787);
#1789=CARTESIAN_POINT('',(-2.625E-1,-1.575E-1,5.85E-2));
#1790=VERTEX_POINT('',#1789);
#1791=CARTESIAN_POINT('',(-2.625E-1,-1.575E-1,2.66E-1));
#1792=VERTEX_POINT('',#1791);
#1793=CARTESIAN_POINT('',(-2.625E-1,-1.825E-1,2.66E-1));
#1794=VERTEX_POINT('',#1793);
#1795=CARTESIAN_POINT('',(-2.625E-1,-1.825E-1,5.85E-2));
#1796=VERTEX_POINT('',#1795);
#1797=CARTESIAN_POINT('',(-2.375E-1,-1.575E-1,5.85E-2));
#1798=VERTEX_POINT('',#1797);
#1799=CARTESIAN_POINT('',(-2.375E-1,-1.575E-1,2.66E-1));
#1800=VERTEX_POINT('',#1799);
#1801=CARTESIAN_POINT('',(-2.375E-1,-1.825E-1,2.66E-1));
#1802=VERTEX_POINT('',#1801);
#1803=CARTESIAN_POINT('',(-2.375E-1,-1.825E-1,5.85E-2));
#1804=VERTEX_POINT('',#1803);
#1805=CARTESIAN_POINT('',(-1.625E-1,-1.575E-1,5.85E-2));
#1806=VERTEX_POINT('',#1805);
#1807=CARTESIAN_POINT('',(-1.625E-1,-1.575E-1,2.66E-1));
#1808=VERTEX_POINT('',#1807);
#1809=CARTESIAN_POINT('',(-1.625E-1,-1.825E-1,2.66E-1));
#1810=VERTEX_POINT('',#1809);
#1811=CARTESIAN_POINT('',(-1.625E-1,-1.825E-1,5.85E-2));
#1812=VERTEX_POINT('',#1811);
#1813=CARTESIAN_POINT('',(-1.375E-1,-1.575E-1,5.85E-2));
#1814=VERTEX_POINT('',#1813);
#1815=CARTESIAN_POINT('',(-1.375E-1,-1.575E-1,2.66E-1));
#1816=VERTEX_POINT('',#1815);
#1817=CARTESIAN_POINT('',(-1.375E-1,-1.825E-1,2.66E-1));
#1818=VERTEX_POINT('',#1817);
#1819=CARTESIAN_POINT('',(-1.375E-1,-1.825E-1,5.85E-2));
#1820=VERTEX_POINT('',#1819);
#1821=CARTESIAN_POINT('',(-6.25E-2,-1.575E-1,5.85E-2));
#1822=VERTEX_POINT('',#1821);
#1823=CARTESIAN_POINT('',(-6.25E-2,-1.575E-1,2.66E-1));
#1824=VERTEX_POINT('',#1823);
#1825=CARTESIAN_POINT('',(-6.25E-2,-1.825E-1,2.66E-1));
#1826=VERTEX_POINT('',#1825);
#1827=CARTESIAN_POINT('',(-6.25E-2,-1.825E-1,5.85E-2));
#1828=VERTEX_POINT('',#1827);
#1829=CARTESIAN_POINT('',(-3.75E-2,-1.575E-1,5.85E-2));
#1830=VERTEX_POINT('',#1829);
#1831=CARTESIAN_POINT('',(-3.75E-2,-1.575E-1,2.66E-1));
#1832=VERTEX_POINT('',#1831);
#1833=CARTESIAN_POINT('',(-3.75E-2,-1.825E-1,2.66E-1));
#1834=VERTEX_POINT('',#1833);
#1835=CARTESIAN_POINT('',(-3.75E-2,-1.825E-1,5.85E-2));
#1836=VERTEX_POINT('',#1835);
#1837=CARTESIAN_POINT('',(3.75E-2,-1.575E-1,5.85E-2));
#1838=VERTEX_POINT('',#1837);
#1839=CARTESIAN_POINT('',(3.75E-2,-1.575E-1,2.66E-1));
#1840=VERTEX_POINT('',#1839);
#1841=CARTESIAN_POINT('',(3.75E-2,-1.825E-1,2.66E-1));
#1842=VERTEX_POINT('',#1841);
#1843=CARTESIAN_POINT('',(3.75E-2,-1.825E-1,5.85E-2));
#1844=VERTEX_POINT('',#1843);
#1845=CARTESIAN_POINT('',(6.25E-2,-1.575E-1,5.85E-2));
#1846=VERTEX_POINT('',#1845);
#1847=CARTESIAN_POINT('',(6.25E-2,-1.575E-1,2.66E-1));
#1848=VERTEX_POINT('',#1847);
#1849=CARTESIAN_POINT('',(6.25E-2,-1.825E-1,2.66E-1));
#1850=VERTEX_POINT('',#1849);
#1851=CARTESIAN_POINT('',(6.25E-2,-1.825E-1,5.85E-2));
#1852=VERTEX_POINT('',#1851);
#1853=CARTESIAN_POINT('',(1.375E-1,-1.575E-1,5.85E-2));
#1854=VERTEX_POINT('',#1853);
#1855=CARTESIAN_POINT('',(1.375E-1,-1.575E-1,2.66E-1));
#1856=VERTEX_POINT('',#1855);
#1857=CARTESIAN_POINT('',(1.375E-1,-1.825E-1,2.66E-1));
#1858=VERTEX_POINT('',#1857);
#1859=CARTESIAN_POINT('',(1.375E-1,-1.825E-1,5.85E-2));
#1860=VERTEX_POINT('',#1859);
#1861=CARTESIAN_POINT('',(1.625E-1,-1.575E-1,5.85E-2));
#1862=VERTEX_POINT('',#1861);
#1863=CARTESIAN_POINT('',(1.625E-1,-1.575E-1,2.66E-1));
#1864=VERTEX_POINT('',#1863);
#1865=CARTESIAN_POINT('',(1.625E-1,-1.825E-1,2.66E-1));
#1866=VERTEX_POINT('',#1865);
#1867=CARTESIAN_POINT('',(1.625E-1,-1.825E-1,5.85E-2));
#1868=VERTEX_POINT('',#1867);
#1869=CARTESIAN_POINT('',(8.3E-2,6.25E-2,-1.25E-1));
#1870=CARTESIAN_POINT('',(1.23E-1,6.25E-2,-1.25E-1));
#1871=VERTEX_POINT('',#1869);
#1872=VERTEX_POINT('',#1870);
#1873=CARTESIAN_POINT('',(8.3E-2,2.595E-1,-1.25E-1));
#1874=VERTEX_POINT('',#1873);
#1875=CARTESIAN_POINT('',(1.23E-1,2.595E-1,-1.25E-1));
#1876=VERTEX_POINT('',#1875);
#1877=CARTESIAN_POINT('',(8.3E-2,2.595E-1,-9.675352112676E-2));
#1878=VERTEX_POINT('',#1877);
#1879=CARTESIAN_POINT('',(1.23E-1,2.595E-1,-9.675352112676E-2));
#1880=VERTEX_POINT('',#1879);
#1881=CARTESIAN_POINT('',(8.3E-2,2.095E-1,-5.45E-2));
#1882=VERTEX_POINT('',#1881);
#1883=CARTESIAN_POINT('',(1.23E-1,2.095E-1,-5.45E-2));
#1884=VERTEX_POINT('',#1883);
#1885=CARTESIAN_POINT('',(8.3E-2,1.325E-1,-5.45E-2));
#1886=VERTEX_POINT('',#1885);
#1887=CARTESIAN_POINT('',(1.23E-1,1.325E-1,-5.45E-2));
#1888=VERTEX_POINT('',#1887);
#1889=CARTESIAN_POINT('',(8.3E-2,1.025E-1,-9.E-2));
#1890=VERTEX_POINT('',#1889);
#1891=CARTESIAN_POINT('',(1.23E-1,1.025E-1,-9.E-2));
#1892=VERTEX_POINT('',#1891);
#1893=CARTESIAN_POINT('',(8.3E-2,6.25E-2,-9.E-2));
#1894=VERTEX_POINT('',#1893);
#1895=CARTESIAN_POINT('',(1.23E-1,6.25E-2,-9.E-2));
#1896=VERTEX_POINT('',#1895);
#1897=CARTESIAN_POINT('',(2.375E-1,3.265E-1,-1.25E-2));
#1898=CARTESIAN_POINT('',(2.375E-1,3.265E-1,1.25E-2));
#1899=VERTEX_POINT('',#1897);
#1900=VERTEX_POINT('',#1898);
#1901=CARTESIAN_POINT('',(2.375E-1,-1.115E-1,1.25E-2));
#1902=CARTESIAN_POINT('',(2.375E-1,-1.575E-1,5.85E-2));
#1903=VERTEX_POINT('',#1901);
#1904=VERTEX_POINT('',#1902);
#1905=CARTESIAN_POINT('',(2.375E-1,-1.575E-1,2.66E-1));
#1906=VERTEX_POINT('',#1905);
#1907=CARTESIAN_POINT('',(2.375E-1,-1.825E-1,2.66E-1));
#1908=VERTEX_POINT('',#1907);
#1909=CARTESIAN_POINT('',(2.375E-1,-1.825E-1,5.85E-2));
#1910=VERTEX_POINT('',#1909);
#1911=CARTESIAN_POINT('',(2.375E-1,-1.115E-1,-1.25E-2));
#1912=VERTEX_POINT('',#1911);
#1913=CARTESIAN_POINT('',(2.625E-1,3.265E-1,-1.25E-2));
#1914=CARTESIAN_POINT('',(2.625E-1,3.265E-1,1.25E-2));
#1915=VERTEX_POINT('',#1913);
#1916=VERTEX_POINT('',#1914);
#1917=CARTESIAN_POINT('',(2.625E-1,-1.115E-1,1.25E-2));
#1918=CARTESIAN_POINT('',(2.625E-1,-1.575E-1,5.85E-2));
#1919=VERTEX_POINT('',#1917);
#1920=VERTEX_POINT('',#1918);
#1921=CARTESIAN_POINT('',(2.625E-1,-1.575E-1,2.66E-1));
#1922=VERTEX_POINT('',#1921);
#1923=CARTESIAN_POINT('',(2.625E-1,-1.825E-1,2.66E-1));
#1924=VERTEX_POINT('',#1923);
#1925=CARTESIAN_POINT('',(2.625E-1,-1.825E-1,5.85E-2));
#1926=VERTEX_POINT('',#1925);
#1927=CARTESIAN_POINT('',(2.625E-1,-1.115E-1,-1.25E-2));
#1928=VERTEX_POINT('',#1927);
#1929=CARTESIAN_POINT('',(2.375E-1,6.25E-2,1.25E-2));
#1930=CARTESIAN_POINT('',(2.375E-1,6.25E-2,-1.25E-2));
#1931=VERTEX_POINT('',#1929);
#1932=VERTEX_POINT('',#1930);
#1933=CARTESIAN_POINT('',(2.625E-1,6.25E-2,1.25E-2));
#1934=CARTESIAN_POINT('',(2.625E-1,6.25E-2,-1.25E-2));
#1935=VERTEX_POINT('',#1933);
#1936=VERTEX_POINT('',#1934);
#1937=CARTESIAN_POINT('',(2.375E-1,-3.75E-2,1.25E-2));
#1938=CARTESIAN_POINT('',(2.375E-1,-3.75E-2,-1.25E-2));
#1939=VERTEX_POINT('',#1937);
#1940=VERTEX_POINT('',#1938);
#1941=CARTESIAN_POINT('',(2.625E-1,-3.75E-2,1.25E-2));
#1942=CARTESIAN_POINT('',(2.625E-1,-3.75E-2,-1.25E-2));
#1943=VERTEX_POINT('',#1941);
#1944=VERTEX_POINT('',#1942);
#1945=CARTESIAN_POINT('',(-2.87E-1,2.5E-2,-9.E-2));
#1946=CARTESIAN_POINT('',(-2.87E-1,-5.E-3,-9.E-2));
#1947=VERTEX_POINT('',#1945);
#1948=VERTEX_POINT('',#1946);
#1949=CARTESIAN_POINT('',(2.87E-1,-5.E-3,-9.E-2));
#1950=CARTESIAN_POINT('',(2.87E-1,2.5E-2,-9.E-2));
#1951=VERTEX_POINT('',#1949);
#1952=VERTEX_POINT('',#1950);
#1953=CARTESIAN_POINT('',(-2.87E-1,2.5E-2,9.E-2));
#1954=CARTESIAN_POINT('',(-2.87E-1,-5.E-3,9.E-2));
#1955=VERTEX_POINT('',#1953);
#1956=VERTEX_POINT('',#1954);
#1957=CARTESIAN_POINT('',(2.87E-1,-5.E-3,9.E-2));
#1958=CARTESIAN_POINT('',(2.87E-1,2.5E-2,9.E-2));
#1959=VERTEX_POINT('',#1957);
#1960=VERTEX_POINT('',#1958);
#1961=CARTESIAN_POINT('',(-2.97E-1,-1.E-2,-9.E-2));
#1962=CARTESIAN_POINT('',(-2.97E-1,3.E-2,-9.E-2));
#1963=VERTEX_POINT('',#1961);
#1964=VERTEX_POINT('',#1962);
#1965=CARTESIAN_POINT('',(-2.97E-1,-1.E-2,9.E-2));
#1966=CARTESIAN_POINT('',(-2.97E-1,3.E-2,9.E-2));
#1967=VERTEX_POINT('',#1965);
#1968=VERTEX_POINT('',#1966);
#1969=CARTESIAN_POINT('',(2.97E-1,-1.E-2,-9.E-2));
#1970=CARTESIAN_POINT('',(2.97E-1,3.E-2,-9.E-2));
#1971=VERTEX_POINT('',#1969);
#1972=VERTEX_POINT('',#1970);
#1973=CARTESIAN_POINT('',(2.97E-1,-1.E-2,9.E-2));
#1974=CARTESIAN_POINT('',(2.97E-1,3.E-2,9.E-2));
#1975=VERTEX_POINT('',#1973);
#1976=VERTEX_POINT('',#1974);
#1977=CARTESIAN_POINT('',(-2.97E-1,0.E0,0.E0));
#1978=DIRECTION('',(1.E0,0.E0,0.E0));
#1979=DIRECTION('',(0.E0,0.E0,-1.E0));
#1980=AXIS2_PLACEMENT_3D('',#1977,#1978,#1979);
#1981=PLANE('',#1980);
#1983=ORIENTED_EDGE('',*,*,#1982,.T.);
#1985=ORIENTED_EDGE('',*,*,#1984,.T.);
#1987=ORIENTED_EDGE('',*,*,#1986,.T.);
#1989=ORIENTED_EDGE('',*,*,#1988,.T.);
#1990=EDGE_LOOP('',(#1983,#1985,#1987,#1989));
#1991=FACE_OUTER_BOUND('',#1990,.F.);
#1993=ORIENTED_EDGE('',*,*,#1992,.F.);
#1995=ORIENTED_EDGE('',*,*,#1994,.T.);
#1997=ORIENTED_EDGE('',*,*,#1996,.T.);
#1999=ORIENTED_EDGE('',*,*,#1998,.F.);
#2000=EDGE_LOOP('',(#1993,#1995,#1997,#1999));
#2001=FACE_BOUND('',#2000,.F.);
#2002=ADVANCED_FACE('',(#1991,#2001),#1981,.F.);
#2003=CARTESIAN_POINT('',(-2.97E-1,6.25E-2,1.25E-1));
#2004=DIRECTION('',(0.E0,0.E0,1.E0));
#2005=DIRECTION('',(0.E0,-1.E0,0.E0));
#2006=AXIS2_PLACEMENT_3D('',#2003,#2004,#2005);
#2007=PLANE('',#2006);
#2009=ORIENTED_EDGE('',*,*,#2008,.F.);
#2011=ORIENTED_EDGE('',*,*,#2010,.F.);
#2013=ORIENTED_EDGE('',*,*,#2012,.T.);
#2015=ORIENTED_EDGE('',*,*,#2014,.T.);
#2017=ORIENTED_EDGE('',*,*,#2016,.F.);
#2019=ORIENTED_EDGE('',*,*,#2018,.F.);
#2021=ORIENTED_EDGE('',*,*,#2020,.T.);
#2023=ORIENTED_EDGE('',*,*,#2022,.T.);
#2025=ORIENTED_EDGE('',*,*,#2024,.F.);
#2027=ORIENTED_EDGE('',*,*,#2026,.F.);
#2029=ORIENTED_EDGE('',*,*,#2028,.T.);
#2031=ORIENTED_EDGE('',*,*,#2030,.T.);
#2033=ORIENTED_EDGE('',*,*,#2032,.F.);
#2035=ORIENTED_EDGE('',*,*,#2034,.F.);
#2037=ORIENTED_EDGE('',*,*,#2036,.T.);
#2039=ORIENTED_EDGE('',*,*,#2038,.T.);
#2041=ORIENTED_EDGE('',*,*,#2040,.F.);
#2043=ORIENTED_EDGE('',*,*,#2042,.F.);
#2045=ORIENTED_EDGE('',*,*,#2044,.T.);
#2047=ORIENTED_EDGE('',*,*,#2046,.T.);
#2049=ORIENTED_EDGE('',*,*,#2048,.F.);
#2051=ORIENTED_EDGE('',*,*,#2050,.F.);
#2052=ORIENTED_EDGE('',*,*,#1982,.F.);
#2054=ORIENTED_EDGE('',*,*,#2053,.T.);
#2056=ORIENTED_EDGE('',*,*,#2055,.T.);
#2058=ORIENTED_EDGE('',*,*,#2057,.F.);
#2060=ORIENTED_EDGE('',*,*,#2059,.T.);
#2062=ORIENTED_EDGE('',*,*,#2061,.T.);
#2063=EDGE_LOOP('',(#2009,#2011,#2013,#2015,#2017,#2019,#2021,#2023,#2025,#2027,
#2029,#2031,#2033,#2035,#2037,#2039,#2041,#2043,#2045,#2047,#2049,#2051,#2052,
#2054,#2056,#2058,#2060,#2062));
#2064=FACE_OUTER_BOUND('',#2063,.F.);
#2065=ADVANCED_FACE('',(#2064),#2007,.T.);
#2066=CARTESIAN_POINT('',(2.325E-1,-3.75E-2,1.25E-1));
#2067=DIRECTION('',(-1.E0,0.E0,0.E0));
#2068=DIRECTION('',(0.E0,-1.E0,0.E0));
#2069=AXIS2_PLACEMENT_3D('',#2066,#2067,#2068);
#2070=PLANE('',#2069);
#2072=ORIENTED_EDGE('',*,*,#2071,.F.);
#2073=ORIENTED_EDGE('',*,*,#2008,.T.);
#2075=ORIENTED_EDGE('',*,*,#2074,.T.);
#2077=ORIENTED_EDGE('',*,*,#2076,.F.);
#2078=EDGE_LOOP('',(#2072,#2073,#2075,#2077));
#2079=FACE_OUTER_BOUND('',#2078,.F.);
#2080=ADVANCED_FACE('',(#2079),#2070,.F.);
#2081=CARTESIAN_POINT('',(-2.97E-1,-6.25E-2,1.25E-1));
#2082=DIRECTION('',(0.E0,-1.E0,0.E0));
#2083=DIRECTION('',(0.E0,0.E0,-1.E0));
#2084=AXIS2_PLACEMENT_3D('',#2081,#2082,#2083);
#2085=PLANE('',#2084);
#2087=ORIENTED_EDGE('',*,*,#2086,.T.);
#2089=ORIENTED_EDGE('',*,*,#2088,.F.);
#2090=ORIENTED_EDGE('',*,*,#1984,.F.);
#2091=ORIENTED_EDGE('',*,*,#2050,.T.);
#2092=EDGE_LOOP('',(#2087,#2089,#2090,#2091));
#2093=FACE_OUTER_BOUND('',#2092,.F.);
#2094=ADVANCED_FACE('',(#2093),#2085,.T.);
#2095=CARTESIAN_POINT('',(-2.97E-1,-6.25E-2,1.25E-1));
#2096=DIRECTION('',(0.E0,-1.E0,0.E0));
#2097=DIRECTION('',(0.E0,0.E0,-1.E0));
#2098=AXIS2_PLACEMENT_3D('',#2095,#2096,#2097);
#2099=PLANE('',#2098);
#2101=ORIENTED_EDGE('',*,*,#2100,.T.);
#2103=ORIENTED_EDGE('',*,*,#2102,.F.);
#2105=ORIENTED_EDGE('',*,*,#2104,.F.);
#2106=ORIENTED_EDGE('',*,*,#2042,.T.);
#2107=EDGE_LOOP('',(#2101,#2103,#2105,#2106));
#2108=FACE_OUTER_BOUND('',#2107,.F.);
#2109=ADVANCED_FACE('',(#2108),#2099,.T.);
#2110=CARTESIAN_POINT('',(-2.97E-1,-6.25E-2,1.25E-1));
#2111=DIRECTION('',(0.E0,-1.E0,0.E0));
#2112=DIRECTION('',(0.E0,0.E0,-1.E0));
#2113=AXIS2_PLACEMENT_3D('',#2110,#2111,#2112);
#2114=PLANE('',#2113);
#2116=ORIENTED_EDGE('',*,*,#2115,.T.);
#2118=ORIENTED_EDGE('',*,*,#2117,.F.);
#2120=ORIENTED_EDGE('',*,*,#2119,.F.);
#2121=ORIENTED_EDGE('',*,*,#2034,.T.);
#2122=EDGE_LOOP('',(#2116,#2118,#2120,#2121));
#2123=FACE_OUTER_BOUND('',#2122,.F.);
#2124=ADVANCED_FACE('',(#2123),#2114,.T.);
#2125=CARTESIAN_POINT('',(-2.97E-1,-6.25E-2,1.25E-1));
#2126=DIRECTION('',(0.E0,-1.E0,0.E0));
#2127=DIRECTION('',(0.E0,0.E0,-1.E0));
#2128=AXIS2_PLACEMENT_3D('',#2125,#2126,#2127);
#2129=PLANE('',#2128);
#2131=ORIENTED_EDGE('',*,*,#2130,.T.);
#2133=ORIENTED_EDGE('',*,*,#2132,.F.);
#2135=ORIENTED_EDGE('',*,*,#2134,.F.);
#2136=ORIENTED_EDGE('',*,*,#2026,.T.);
#2137=EDGE_LOOP('',(#2131,#2133,#2135,#2136));
#2138=FACE_OUTER_BOUND('',#2137,.F.);
#2139=ADVANCED_FACE('',(#2138),#2129,.T.);
#2140=CARTESIAN_POINT('',(-2.97E-1,-6.25E-2,1.25E-1));
#2141=DIRECTION('',(0.E0,-1.E0,0.E0));
#2142=DIRECTION('',(0.E0,0.E0,-1.E0));
#2143=AXIS2_PLACEMENT_3D('',#2140,#2141,#2142);
#2144=PLANE('',#2143);
#2146=ORIENTED_EDGE('',*,*,#2145,.T.);
#2148=ORIENTED_EDGE('',*,*,#2147,.F.);
#2150=ORIENTED_EDGE('',*,*,#2149,.F.);
#2151=ORIENTED_EDGE('',*,*,#2018,.T.);
#2152=EDGE_LOOP('',(#2146,#2148,#2150,#2151));
#2153=FACE_OUTER_BOUND('',#2152,.F.);
#2154=ADVANCED_FACE('',(#2153),#2144,.T.);
#2155=CARTESIAN_POINT('',(-2.97E-1,-6.25E-2,1.25E-1));
#2156=DIRECTION('',(0.E0,-1.E0,0.E0));
#2157=DIRECTION('',(0.E0,0.E0,-1.E0));
#2158=AXIS2_PLACEMENT_3D('',#2155,#2156,#2157);
#2159=PLANE('',#2158);
#2160=ORIENTED_EDGE('',*,*,#2071,.T.);
#2162=ORIENTED_EDGE('',*,*,#2161,.F.);
#2164=ORIENTED_EDGE('',*,*,#2163,.F.);
#2165=ORIENTED_EDGE('',*,*,#2010,.T.);
#2166=EDGE_LOOP('',(#2160,#2162,#2164,#2165));
#2167=FACE_OUTER_BOUND('',#2166,.F.);
#2168=ADVANCED_FACE('',(#2167),#2159,.T.);
#2169=CARTESIAN_POINT('',(-2.97E-1,-6.25E-2,1.25E-1));
#2170=DIRECTION('',(0.E0,-1.E0,0.E0));
#2171=DIRECTION('',(0.E0,0.E0,-1.E0));
#2172=AXIS2_PLACEMENT_3D('',#2169,#2170,#2171);
#2173=PLANE('',#2172);
#2175=ORIENTED_EDGE('',*,*,#2174,.F.);
#2176=ORIENTED_EDGE('',*,*,#2057,.T.);
#2178=ORIENTED_EDGE('',*,*,#2177,.T.);
#2180=ORIENTED_EDGE('',*,*,#2179,.F.);
#2181=EDGE_LOOP('',(#2175,#2176,#2178,#2180));
#2182=FACE_OUTER_BOUND('',#2181,.F.);
#2183=ADVANCED_FACE('',(#2182),#2173,.T.);
#2184=CARTESIAN_POINT('',(-2.675E-1,-3.75E-2,1.25E-1));
#2185=DIRECTION('',(-1.E0,0.E0,0.E0));
#2186=DIRECTION('',(0.E0,-1.E0,0.E0));
#2187=AXIS2_PLACEMENT_3D('',#2184,#2185,#2186);
#2188=PLANE('',#2187);
#2189=ORIENTED_EDGE('',*,*,#2086,.F.);
#2190=ORIENTED_EDGE('',*,*,#2048,.T.);
#2192=ORIENTED_EDGE('',*,*,#2191,.T.);
#2194=ORIENTED_EDGE('',*,*,#2193,.F.);
#2195=EDGE_LOOP('',(#2189,#2190,#2192,#2194));
#2196=FACE_OUTER_BOUND('',#2195,.F.);
#2197=ADVANCED_FACE('',(#2196),#2188,.F.);
#2198=CARTESIAN_POINT('',(-2.325E-1,-3.75E-2,1.25E-1));
#2199=DIRECTION('',(0.E0,1.E0,0.E0));
#2200=DIRECTION('',(-1.E0,0.E0,0.E0));
#2201=AXIS2_PLACEMENT_3D('',#2198,#2199,#2200);
#2202=PLANE('',#2201);
#2204=ORIENTED_EDGE('',*,*,#2203,.T.);
#2205=ORIENTED_EDGE('',*,*,#2191,.F.);
#2206=ORIENTED_EDGE('',*,*,#2046,.F.);
#2208=ORIENTED_EDGE('',*,*,#2207,.T.);
#2209=EDGE_LOOP('',(#2204,#2205,#2206,#2208));
#2210=FACE_OUTER_BOUND('',#2209,.F.);
#2212=ORIENTED_EDGE('',*,*,#2211,.T.);
#2214=ORIENTED_EDGE('',*,*,#2213,.T.);
#2216=ORIENTED_EDGE('',*,*,#2215,.F.);
#2218=ORIENTED_EDGE('',*,*,#2217,.F.);
#2219=EDGE_LOOP('',(#2212,#2214,#2216,#2218));
#2220=FACE_BOUND('',#2219,.F.);
#2221=ADVANCED_FACE('',(#2210,#2220),#2202,.F.);
#2222=CARTESIAN_POINT('',(-2.97E-1,-6.25E-2,-1.25E-1));
#2223=DIRECTION('',(0.E0,0.E0,-1.E0));
#2224=DIRECTION('',(0.E0,1.E0,0.E0));
#2225=AXIS2_PLACEMENT_3D('',#2222,#2223,#2224);
#2226=PLANE('',#2225);
#2228=ORIENTED_EDGE('',*,*,#2227,.F.);
#2230=ORIENTED_EDGE('',*,*,#2229,.F.);
#2232=ORIENTED_EDGE('',*,*,#2231,.F.);
#2234=ORIENTED_EDGE('',*,*,#2233,.F.);
#2236=ORIENTED_EDGE('',*,*,#2235,.F.);
#2237=ORIENTED_EDGE('',*,*,#1986,.F.);
#2238=ORIENTED_EDGE('',*,*,#2088,.T.);
#2239=ORIENTED_EDGE('',*,*,#2193,.T.);
#2240=ORIENTED_EDGE('',*,*,#2203,.F.);
#2242=ORIENTED_EDGE('',*,*,#2241,.F.);
#2243=ORIENTED_EDGE('',*,*,#2102,.T.);
#2245=ORIENTED_EDGE('',*,*,#2244,.T.);
#2247=ORIENTED_EDGE('',*,*,#2246,.F.);
#2249=ORIENTED_EDGE('',*,*,#2248,.F.);
#2250=ORIENTED_EDGE('',*,*,#2117,.T.);
#2252=ORIENTED_EDGE('',*,*,#2251,.T.);
#2254=ORIENTED_EDGE('',*,*,#2253,.F.);
#2256=ORIENTED_EDGE('',*,*,#2255,.F.);
#2257=ORIENTED_EDGE('',*,*,#2132,.T.);
#2259=ORIENTED_EDGE('',*,*,#2258,.T.);
#2261=ORIENTED_EDGE('',*,*,#2260,.F.);
#2263=ORIENTED_EDGE('',*,*,#2262,.F.);
#2264=ORIENTED_EDGE('',*,*,#2147,.T.);
#2266=ORIENTED_EDGE('',*,*,#2265,.T.);
#2268=ORIENTED_EDGE('',*,*,#2267,.F.);
#2270=ORIENTED_EDGE('',*,*,#2269,.F.);
#2271=ORIENTED_EDGE('',*,*,#2161,.T.);
#2272=ORIENTED_EDGE('',*,*,#2076,.T.);
#2274=ORIENTED_EDGE('',*,*,#2273,.F.);
#2276=ORIENTED_EDGE('',*,*,#2275,.F.);
#2277=ORIENTED_EDGE('',*,*,#2179,.T.);
#2279=ORIENTED_EDGE('',*,*,#2278,.T.);
#2281=ORIENTED_EDGE('',*,*,#2280,.F.);
#2283=ORIENTED_EDGE('',*,*,#2282,.T.);
#2285=ORIENTED_EDGE('',*,*,#2284,.F.);
#2287=ORIENTED_EDGE('',*,*,#2286,.T.);
#2288=EDGE_LOOP('',(#2228,#2230,#2232,#2234,#2236,#2237,#2238,#2239,#2240,#2242,
#2243,#2245,#2247,#2249,#2250,#2252,#2254,#2256,#2257,#2259,#2261,#2263,#2264,
#2266,#2268,#2270,#2271,#2272,#2274,#2276,#2277,#2279,#2281,#2283,#2285,#2287));
#2289=FACE_OUTER_BOUND('',#2288,.F.);
#2290=ADVANCED_FACE('',(#2289),#2226,.T.);
#2291=CARTESIAN_POINT('',(-2.97E-1,6.25E-2,-1.25E-1));
#2292=DIRECTION('',(0.E0,1.E0,0.E0));
#2293=DIRECTION('',(0.E0,0.E0,1.E0));
#2294=AXIS2_PLACEMENT_3D('',#2291,#2292,#2293);
#2295=PLANE('',#2294);
#2297=ORIENTED_EDGE('',*,*,#2296,.T.);
#2299=ORIENTED_EDGE('',*,*,#2298,.F.);
#2300=ORIENTED_EDGE('',*,*,#2227,.T.);
#2302=ORIENTED_EDGE('',*,*,#2301,.F.);
#2304=ORIENTED_EDGE('',*,*,#2303,.T.);
#2306=ORIENTED_EDGE('',*,*,#2305,.F.);
#2307=ORIENTED_EDGE('',*,*,#2280,.T.);
#2309=ORIENTED_EDGE('',*,*,#2308,.T.);
#2310=ORIENTED_EDGE('',*,*,#2053,.F.);
#2311=ORIENTED_EDGE('',*,*,#1988,.F.);
#2312=ORIENTED_EDGE('',*,*,#2235,.T.);
#2314=ORIENTED_EDGE('',*,*,#2313,.T.);
#2315=EDGE_LOOP('',(#2297,#2299,#2300,#2302,#2304,#2306,#2307,#2309,#2310,#2311,
#2312,#2314));
#2316=FACE_OUTER_BOUND('',#2315,.F.);
#2318=ORIENTED_EDGE('',*,*,#2317,.F.);
#2320=ORIENTED_EDGE('',*,*,#2319,.T.);
#2322=ORIENTED_EDGE('',*,*,#2321,.T.);
#2324=ORIENTED_EDGE('',*,*,#2323,.F.);
#2325=EDGE_LOOP('',(#2318,#2320,#2322,#2324));
#2326=FACE_BOUND('',#2325,.F.);
#2328=ORIENTED_EDGE('',*,*,#2327,.F.);
#2330=ORIENTED_EDGE('',*,*,#2329,.T.);
#2332=ORIENTED_EDGE('',*,*,#2331,.T.);
#2334=ORIENTED_EDGE('',*,*,#2333,.F.);
#2335=EDGE_LOOP('',(#2328,#2330,#2332,#2334));
#2336=FACE_BOUND('',#2335,.F.);
#2338=ORIENTED_EDGE('',*,*,#2337,.F.);
#2340=ORIENTED_EDGE('',*,*,#2339,.T.);
#2342=ORIENTED_EDGE('',*,*,#2341,.T.);
#2344=ORIENTED_EDGE('',*,*,#2343,.F.);
#2345=EDGE_LOOP('',(#2338,#2340,#2342,#2344));
#2346=FACE_BOUND('',#2345,.F.);
#2348=ORIENTED_EDGE('',*,*,#2347,.F.);
#2350=ORIENTED_EDGE('',*,*,#2349,.T.);
#2352=ORIENTED_EDGE('',*,*,#2351,.T.);
#2354=ORIENTED_EDGE('',*,*,#2353,.F.);
#2355=EDGE_LOOP('',(#2348,#2350,#2352,#2354));
#2356=FACE_BOUND('',#2355,.F.);
#2358=ORIENTED_EDGE('',*,*,#2357,.F.);
#2360=ORIENTED_EDGE('',*,*,#2359,.T.);
#2362=ORIENTED_EDGE('',*,*,#2361,.T.);
#2364=ORIENTED_EDGE('',*,*,#2363,.F.);
#2365=EDGE_LOOP('',(#2358,#2360,#2362,#2364));
#2366=FACE_BOUND('',#2365,.F.);
#2368=ORIENTED_EDGE('',*,*,#2367,.F.);
#2370=ORIENTED_EDGE('',*,*,#2369,.T.);
#2372=ORIENTED_EDGE('',*,*,#2371,.T.);
#2374=ORIENTED_EDGE('',*,*,#2373,.F.);
#2375=EDGE_LOOP('',(#2368,#2370,#2372,#2374));
#2376=FACE_BOUND('',#2375,.F.);
#2377=ADVANCED_FACE('',(#2316,#2326,#2336,#2346,#2356,#2366,#2376),#2295,.T.);
#2378=CARTESIAN_POINT('',(-2.625E-1,-3.75E-2,1.25E-1));
#2379=DIRECTION('',(1.E0,0.E0,0.E0));
#2380=DIRECTION('',(0.E0,0.E0,-1.E0));
#2381=AXIS2_PLACEMENT_3D('',#2378,#2379,#2380);
#2382=PLANE('',#2381);
#2383=ORIENTED_EDGE('',*,*,#2367,.T.);
#2385=ORIENTED_EDGE('',*,*,#2384,.T.);
#2387=ORIENTED_EDGE('',*,*,#2386,.T.);
#2389=ORIENTED_EDGE('',*,*,#2388,.T.);
#2390=EDGE_LOOP('',(#2383,#2385,#2387,#2389));
#2391=FACE_OUTER_BOUND('',#2390,.F.);
#2392=ADVANCED_FACE('',(#2391),#2382,.F.);
#2393=CARTESIAN_POINT('',(-2.625E-1,-3.75E-2,1.25E-1));
#2394=DIRECTION('',(1.E0,0.E0,0.E0));
#2395=DIRECTION('',(0.E0,0.E0,-1.E0));
#2396=AXIS2_PLACEMENT_3D('',#2393,#2394,#2395);
#2397=PLANE('',#2396);
#2399=ORIENTED_EDGE('',*,*,#2398,.T.);
#2400=ORIENTED_EDGE('',*,*,#2211,.F.);
#2402=ORIENTED_EDGE('',*,*,#2401,.T.);
#2404=ORIENTED_EDGE('',*,*,#2403,.T.);
#2406=ORIENTED_EDGE('',*,*,#2405,.T.);
#2408=ORIENTED_EDGE('',*,*,#2407,.T.);
#2410=ORIENTED_EDGE('',*,*,#2409,.T.);
#2412=ORIENTED_EDGE('',*,*,#2411,.T.);
#2413=EDGE_LOOP('',(#2399,#2400,#2402,#2404,#2406,#2408,#2410,#2412));
#2414=FACE_OUTER_BOUND('',#2413,.F.);
#2415=ADVANCED_FACE('',(#2414),#2397,.F.);
#2416=CARTESIAN_POINT('',(-2.625E-1,6.25E-2,-1.25E-2));
#2417=DIRECTION('',(0.E0,0.E0,-1.E0));
#2418=DIRECTION('',(0.E0,1.E0,0.E0));
#2419=AXIS2_PLACEMENT_3D('',#2416,#2417,#2418);
#2420=PLANE('',#2419);
#2421=ORIENTED_EDGE('',*,*,#2373,.T.);
#2423=ORIENTED_EDGE('',*,*,#2422,.T.);
#2425=ORIENTED_EDGE('',*,*,#2424,.F.);
#2426=ORIENTED_EDGE('',*,*,#2384,.F.);
#2427=EDGE_LOOP('',(#2421,#2423,#2425,#2426));
#2428=FACE_OUTER_BOUND('',#2427,.F.);
#2429=ADVANCED_FACE('',(#2428),#2420,.T.);
#2430=CARTESIAN_POINT('',(-2.375E-1,-3.75E-2,1.25E-1));
#2431=DIRECTION('',(1.E0,0.E0,0.E0));
#2432=DIRECTION('',(0.E0,0.E0,-1.E0));
#2433=AXIS2_PLACEMENT_3D('',#2430,#2431,#2432);
#2434=PLANE('',#2433);
#2435=ORIENTED_EDGE('',*,*,#2371,.F.);
#2437=ORIENTED_EDGE('',*,*,#2436,.F.);
#2439=ORIENTED_EDGE('',*,*,#2438,.F.);
#2440=ORIENTED_EDGE('',*,*,#2422,.F.);
#2441=EDGE_LOOP('',(#2435,#2437,#2439,#2440));
#2442=FACE_OUTER_BOUND('',#2441,.F.);
#2443=ADVANCED_FACE('',(#2442),#2434,.T.);
#2444=CARTESIAN_POINT('',(-2.375E-1,-3.75E-2,1.25E-1));
#2445=DIRECTION('',(1.E0,0.E0,0.E0));
#2446=DIRECTION('',(0.E0,0.E0,-1.E0));
#2447=AXIS2_PLACEMENT_3D('',#2444,#2445,#2446);
#2448=PLANE('',#2447);
#2450=ORIENTED_EDGE('',*,*,#2449,.F.);
#2452=ORIENTED_EDGE('',*,*,#2451,.F.);
#2454=ORIENTED_EDGE('',*,*,#2453,.F.);
#2456=ORIENTED_EDGE('',*,*,#2455,.F.);
#2458=ORIENTED_EDGE('',*,*,#2457,.F.);
#2460=ORIENTED_EDGE('',*,*,#2459,.F.);
#2462=ORIENTED_EDGE('',*,*,#2461,.F.);
#2463=ORIENTED_EDGE('',*,*,#2215,.T.);
#2464=EDGE_LOOP('',(#2450,#2452,#2454,#2456,#2458,#2460,#2462,#2463));
#2465=FACE_OUTER_BOUND('',#2464,.F.);
#2466=ADVANCED_FACE('',(#2465),#2448,.T.);
#2467=CARTESIAN_POINT('',(-2.625E-1,3.265E-1,1.25E-2));
#2468=DIRECTION('',(0.E0,0.E0,1.E0));
#2469=DIRECTION('',(0.E0,-1.E0,0.E0));
#2470=AXIS2_PLACEMENT_3D('',#2467,#2468,#2469);
#2471=PLANE('',#2470);
#2472=ORIENTED_EDGE('',*,*,#2369,.F.);
#2473=ORIENTED_EDGE('',*,*,#2388,.F.);
#2475=ORIENTED_EDGE('',*,*,#2474,.T.);
#2476=ORIENTED_EDGE('',*,*,#2436,.T.);
#2477=EDGE_LOOP('',(#2472,#2473,#2475,#2476));
#2478=FACE_OUTER_BOUND('',#2477,.F.);
#2479=ADVANCED_FACE('',(#2478),#2471,.T.);
#2480=CARTESIAN_POINT('',(-2.625E-1,3.265E-1,-1.25E-2));
#2481=DIRECTION('',(0.E0,1.E0,0.E0));
#2482=DIRECTION('',(0.E0,0.E0,1.E0));
#2483=AXIS2_PLACEMENT_3D('',#2480,#2481,#2482);
#2484=PLANE('',#2483);
#2485=ORIENTED_EDGE('',*,*,#2386,.F.);
#2486=ORIENTED_EDGE('',*,*,#2424,.T.);
#2487=ORIENTED_EDGE('',*,*,#2438,.T.);
#2488=ORIENTED_EDGE('',*,*,#2474,.F.);
#2489=EDGE_LOOP('',(#2485,#2486,#2487,#2488));
#2490=FACE_OUTER_BOUND('',#2489,.F.);
#2491=ADVANCED_FACE('',(#2490),#2484,.T.);
#2492=CARTESIAN_POINT('',(-2.625E-1,-1.115E-1,-1.25E-2));
#2493=DIRECTION('',(0.E0,0.E0,-1.E0));
#2494=DIRECTION('',(0.E0,1.E0,0.E0));
#2495=AXIS2_PLACEMENT_3D('',#2492,#2493,#2494);
#2496=PLANE('',#2495);
#2497=ORIENTED_EDGE('',*,*,#2398,.F.);
#2499=ORIENTED_EDGE('',*,*,#2498,.T.);
#2500=ORIENTED_EDGE('',*,*,#2449,.T.);
#2501=ORIENTED_EDGE('',*,*,#2213,.F.);
#2502=EDGE_LOOP('',(#2497,#2499,#2500,#2501));
#2503=FACE_OUTER_BOUND('',#2502,.F.);
#2504=ADVANCED_FACE('',(#2503),#2496,.T.);
#2505=CARTESIAN_POINT('',(-2.625E-1,-1.115E-1,5.85E-2));
#2506=DIRECTION('',(1.E0,0.E0,0.E0));
#2507=DIRECTION('',(0.E0,0.E0,-1.E0));
#2508=AXIS2_PLACEMENT_3D('',#2505,#2506,#2507);
#2509=CYLINDRICAL_SURFACE('',#2508,7.1E-2);
#2510=ORIENTED_EDGE('',*,*,#2411,.F.);
#2512=ORIENTED_EDGE('',*,*,#2511,.T.);
#2513=ORIENTED_EDGE('',*,*,#2451,.T.);
#2514=ORIENTED_EDGE('',*,*,#2498,.F.);
#2515=EDGE_LOOP('',(#2510,#2512,#2513,#2514));
#2516=FACE_OUTER_BOUND('',#2515,.F.);
#2517=ADVANCED_FACE('',(#2516),#2509,.T.);
#2518=CARTESIAN_POINT('',(-2.625E-1,-1.825E-1,2.66E-1));
#2519=DIRECTION('',(0.E0,-1.E0,0.E0));
#2520=DIRECTION('',(0.E0,0.E0,-1.E0));
#2521=AXIS2_PLACEMENT_3D('',#2518,#2519,#2520);
#2522=PLANE('',#2521);
#2523=ORIENTED_EDGE('',*,*,#2409,.F.);
#2525=ORIENTED_EDGE('',*,*,#2524,.T.);
#2526=ORIENTED_EDGE('',*,*,#2453,.T.);
#2527=ORIENTED_EDGE('',*,*,#2511,.F.);
#2528=EDGE_LOOP('',(#2523,#2525,#2526,#2527));
#2529=FACE_OUTER_BOUND('',#2528,.F.);
#2530=ADVANCED_FACE('',(#2529),#2522,.T.);
#2531=CARTESIAN_POINT('',(-2.625E-1,-1.575E-1,2.66E-1));
#2532=DIRECTION('',(0.E0,0.E0,1.E0));
#2533=DIRECTION('',(0.E0,-1.E0,0.E0));
#2534=AXIS2_PLACEMENT_3D('',#2531,#2532,#2533);
#2535=PLANE('',#2534);
#2536=ORIENTED_EDGE('',*,*,#2407,.F.);
#2538=ORIENTED_EDGE('',*,*,#2537,.T.);
#2539=ORIENTED_EDGE('',*,*,#2455,.T.);
#2540=ORIENTED_EDGE('',*,*,#2524,.F.);
#2541=EDGE_LOOP('',(#2536,#2538,#2539,#2540));
#2542=FACE_OUTER_BOUND('',#2541,.F.);
#2543=ADVANCED_FACE('',(#2542),#2535,.T.);
#2544=CARTESIAN_POINT('',(-2.625E-1,-1.575E-1,5.85E-2));
#2545=DIRECTION('',(0.E0,1.E0,0.E0));
#2546=DIRECTION('',(0.E0,0.E0,1.E0));
#2547=AXIS2_PLACEMENT_3D('',#2544,#2545,#2546);
#2548=PLANE('',#2547);
#2549=ORIENTED_EDGE('',*,*,#2405,.F.);
#2551=ORIENTED_EDGE('',*,*,#2550,.T.);
#2552=ORIENTED_EDGE('',*,*,#2457,.T.);
#2553=ORIENTED_EDGE('',*,*,#2537,.F.);
#2554=EDGE_LOOP('',(#2549,#2551,#2552,#2553));
#2555=FACE_OUTER_BOUND('',#2554,.F.);
#2556=ADVANCED_FACE('',(#2555),#2548,.T.);
#2557=CARTESIAN_POINT('',(-2.625E-1,-1.115E-1,5.85E-2));
#2558=DIRECTION('',(1.E0,0.E0,0.E0));
#2559=DIRECTION('',(0.E0,0.E0,-1.E0));
#2560=AXIS2_PLACEMENT_3D('',#2557,#2558,#2559);
#2561=CYLINDRICAL_SURFACE('',#2560,4.6E-2);
#2562=ORIENTED_EDGE('',*,*,#2403,.F.);
#2564=ORIENTED_EDGE('',*,*,#2563,.T.);
#2565=ORIENTED_EDGE('',*,*,#2459,.T.);
#2566=ORIENTED_EDGE('',*,*,#2550,.F.);
#2567=EDGE_LOOP('',(#2562,#2564,#2565,#2566));
#2568=FACE_OUTER_BOUND('',#2567,.F.);
#2569=ADVANCED_FACE('',(#2568),#2561,.F.);
#2570=CARTESIAN_POINT('',(-2.625E-1,-3.75E-2,1.25E-2));
#2571=DIRECTION('',(0.E0,0.E0,1.E0));
#2572=DIRECTION('',(0.E0,-1.E0,0.E0));
#2573=AXIS2_PLACEMENT_3D('',#2570,#2571,#2572);
#2574=PLANE('',#2573);
#2575=ORIENTED_EDGE('',*,*,#2401,.F.);
#2576=ORIENTED_EDGE('',*,*,#2217,.T.);
#2577=ORIENTED_EDGE('',*,*,#2461,.T.);
#2578=ORIENTED_EDGE('',*,*,#2563,.F.);
#2579=EDGE_LOOP('',(#2575,#2576,#2577,#2578));
#2580=FACE_OUTER_BOUND('',#2579,.F.);
#2581=ADVANCED_FACE('',(#2580),#2574,.T.);
#2582=CARTESIAN_POINT('',(-1.625E-1,-3.75E-2,1.25E-1));
#2583=DIRECTION('',(1.E0,0.E0,0.E0));
#2584=DIRECTION('',(0.E0,0.E0,-1.E0));
#2585=AXIS2_PLACEMENT_3D('',#2582,#2583,#2584);
#2586=PLANE('',#2585);
#2587=ORIENTED_EDGE('',*,*,#2317,.T.);
#2589=ORIENTED_EDGE('',*,*,#2588,.T.);
#2591=ORIENTED_EDGE('',*,*,#2590,.T.);
#2593=ORIENTED_EDGE('',*,*,#2592,.T.);
#2594=EDGE_LOOP('',(#2587,#2589,#2591,#2593));
#2595=FACE_OUTER_BOUND('',#2594,.F.);
#2596=ADVANCED_FACE('',(#2595),#2586,.F.);
#2597=CARTESIAN_POINT('',(-1.625E-1,-3.75E-2,1.25E-1));
#2598=DIRECTION('',(1.E0,0.E0,0.E0));
#2599=DIRECTION('',(0.E0,0.E0,-1.E0));
#2600=AXIS2_PLACEMENT_3D('',#2597,#2598,#2599);
#2601=PLANE('',#2600);
#2603=ORIENTED_EDGE('',*,*,#2602,.F.);
#2605=ORIENTED_EDGE('',*,*,#2604,.T.);
#2607=ORIENTED_EDGE('',*,*,#2606,.T.);
#2609=ORIENTED_EDGE('',*,*,#2608,.T.);
#2611=ORIENTED_EDGE('',*,*,#2610,.T.);
#2613=ORIENTED_EDGE('',*,*,#2612,.T.);
#2615=ORIENTED_EDGE('',*,*,#2614,.T.);
#2617=ORIENTED_EDGE('',*,*,#2616,.T.);
#2618=EDGE_LOOP('',(#2603,#2605,#2607,#2609,#2611,#2613,#2615,#2617));
#2619=FACE_OUTER_BOUND('',#2618,.F.);
#2620=ADVANCED_FACE('',(#2619),#2601,.F.);
#2621=CARTESIAN_POINT('',(-1.625E-1,6.25E-2,-1.25E-2));
#2622=DIRECTION('',(0.E0,0.E0,-1.E0));
#2623=DIRECTION('',(0.E0,1.E0,0.E0));
#2624=AXIS2_PLACEMENT_3D('',#2621,#2622,#2623);
#2625=PLANE('',#2624);
#2626=ORIENTED_EDGE('',*,*,#2323,.T.);
#2628=ORIENTED_EDGE('',*,*,#2627,.T.);
#2630=ORIENTED_EDGE('',*,*,#2629,.F.);
#2631=ORIENTED_EDGE('',*,*,#2588,.F.);
#2632=EDGE_LOOP('',(#2626,#2628,#2630,#2631));
#2633=FACE_OUTER_BOUND('',#2632,.F.);
#2634=ADVANCED_FACE('',(#2633),#2625,.T.);
#2635=CARTESIAN_POINT('',(-1.375E-1,-3.75E-2,1.25E-1));
#2636=DIRECTION('',(1.E0,0.E0,0.E0));
#2637=DIRECTION('',(0.E0,0.E0,-1.E0));
#2638=AXIS2_PLACEMENT_3D('',#2635,#2636,#2637);
#2639=PLANE('',#2638);
#2640=ORIENTED_EDGE('',*,*,#2321,.F.);
#2642=ORIENTED_EDGE('',*,*,#2641,.F.);
#2644=ORIENTED_EDGE('',*,*,#2643,.F.);
#2645=ORIENTED_EDGE('',*,*,#2627,.F.);
#2646=EDGE_LOOP('',(#2640,#2642,#2644,#2645));
#2647=FACE_OUTER_BOUND('',#2646,.F.);
#2648=ADVANCED_FACE('',(#2647),#2639,.T.);
#2649=CARTESIAN_POINT('',(-1.375E-1,-3.75E-2,1.25E-1));
#2650=DIRECTION('',(1.E0,0.E0,0.E0));
#2651=DIRECTION('',(0.E0,0.E0,-1.E0));
#2652=AXIS2_PLACEMENT_3D('',#2649,#2650,#2651);
#2653=PLANE('',#2652);
#2655=ORIENTED_EDGE('',*,*,#2654,.T.);
#2657=ORIENTED_EDGE('',*,*,#2656,.F.);
#2659=ORIENTED_EDGE('',*,*,#2658,.F.);
#2661=ORIENTED_EDGE('',*,*,#2660,.F.);
#2663=ORIENTED_EDGE('',*,*,#2662,.F.);
#2665=ORIENTED_EDGE('',*,*,#2664,.F.);
#2667=ORIENTED_EDGE('',*,*,#2666,.F.);
#2669=ORIENTED_EDGE('',*,*,#2668,.F.);
#2670=EDGE_LOOP('',(#2655,#2657,#2659,#2661,#2663,#2665,#2667,#2669));
#2671=FACE_OUTER_BOUND('',#2670,.F.);
#2672=ADVANCED_FACE('',(#2671),#2653,.T.);
#2673=CARTESIAN_POINT('',(-1.625E-1,3.265E-1,1.25E-2));
#2674=DIRECTION('',(0.E0,0.E0,1.E0));
#2675=DIRECTION('',(0.E0,-1.E0,0.E0));
#2676=AXIS2_PLACEMENT_3D('',#2673,#2674,#2675);
#2677=PLANE('',#2676);
#2678=ORIENTED_EDGE('',*,*,#2319,.F.);
#2679=ORIENTED_EDGE('',*,*,#2592,.F.);
#2681=ORIENTED_EDGE('',*,*,#2680,.T.);
#2682=ORIENTED_EDGE('',*,*,#2641,.T.);
#2683=EDGE_LOOP('',(#2678,#2679,#2681,#2682));
#2684=FACE_OUTER_BOUND('',#2683,.F.);
#2685=ADVANCED_FACE('',(#2684),#2677,.T.);
#2686=CARTESIAN_POINT('',(-1.625E-1,3.265E-1,-1.25E-2));
#2687=DIRECTION('',(0.E0,1.E0,0.E0));
#2688=DIRECTION('',(0.E0,0.E0,1.E0));
#2689=AXIS2_PLACEMENT_3D('',#2686,#2687,#2688);
#2690=PLANE('',#2689);
#2691=ORIENTED_EDGE('',*,*,#2590,.F.);
#2692=ORIENTED_EDGE('',*,*,#2629,.T.);
#2693=ORIENTED_EDGE('',*,*,#2643,.T.);
#2694=ORIENTED_EDGE('',*,*,#2680,.F.);
#2695=EDGE_LOOP('',(#2691,#2692,#2693,#2694));
#2696=FACE_OUTER_BOUND('',#2695,.F.);
#2697=ADVANCED_FACE('',(#2696),#2690,.T.);
#2698=CARTESIAN_POINT('',(-1.325E-1,-3.75E-2,1.25E-1));
#2699=DIRECTION('',(0.E0,1.E0,0.E0));
#2700=DIRECTION('',(-1.E0,0.E0,0.E0));
#2701=AXIS2_PLACEMENT_3D('',#2698,#2699,#2700);
#2702=PLANE('',#2701);
#2703=ORIENTED_EDGE('',*,*,#2246,.T.);
#2705=ORIENTED_EDGE('',*,*,#2704,.F.);
#2706=ORIENTED_EDGE('',*,*,#2038,.F.);
#2708=ORIENTED_EDGE('',*,*,#2707,.T.);
#2709=EDGE_LOOP('',(#2703,#2705,#2706,#2708));
#2710=FACE_OUTER_BOUND('',#2709,.F.);
#2711=ORIENTED_EDGE('',*,*,#2602,.T.);
#2713=ORIENTED_EDGE('',*,*,#2712,.T.);
#2714=ORIENTED_EDGE('',*,*,#2654,.F.);
#2716=ORIENTED_EDGE('',*,*,#2715,.F.);
#2717=EDGE_LOOP('',(#2711,#2713,#2714,#2716));
#2718=FACE_BOUND('',#2717,.F.);
#2719=ADVANCED_FACE('',(#2710,#2718),#2702,.F.);
#2720=CARTESIAN_POINT('',(-1.675E-1,-3.75E-2,1.25E-1));
#2721=DIRECTION('',(-1.E0,0.E0,0.E0));
#2722=DIRECTION('',(0.E0,-1.E0,0.E0));
#2723=AXIS2_PLACEMENT_3D('',#2720,#2721,#2722);
#2724=PLANE('',#2723);
#2725=ORIENTED_EDGE('',*,*,#2100,.F.);
#2726=ORIENTED_EDGE('',*,*,#2040,.T.);
#2727=ORIENTED_EDGE('',*,*,#2704,.T.);
#2728=ORIENTED_EDGE('',*,*,#2244,.F.);
#2729=EDGE_LOOP('',(#2725,#2726,#2727,#2728));
#2730=FACE_OUTER_BOUND('',#2729,.F.);
#2731=ADVANCED_FACE('',(#2730),#2724,.F.);
#2732=CARTESIAN_POINT('',(-1.325E-1,-6.25E-2,1.25E-1));
#2733=DIRECTION('',(1.E0,0.E0,0.E0));
#2734=DIRECTION('',(0.E0,1.E0,0.E0));
#2735=AXIS2_PLACEMENT_3D('',#2732,#2733,#2734);
#2736=PLANE('',#2735);
#2737=ORIENTED_EDGE('',*,*,#2119,.T.);
#2738=ORIENTED_EDGE('',*,*,#2248,.T.);
#2739=ORIENTED_EDGE('',*,*,#2707,.F.);
#2740=ORIENTED_EDGE('',*,*,#2036,.F.);
#2741=EDGE_LOOP('',(#2737,#2738,#2739,#2740));
#2742=FACE_OUTER_BOUND('',#2741,.F.);
#2743=ADVANCED_FACE('',(#2742),#2736,.F.);
#2744=CARTESIAN_POINT('',(-1.625E-1,-1.115E-1,-1.25E-2));
#2745=DIRECTION('',(0.E0,0.E0,-1.E0));
#2746=DIRECTION('',(0.E0,1.E0,0.E0));
#2747=AXIS2_PLACEMENT_3D('',#2744,#2745,#2746);
#2748=PLANE('',#2747);
#2749=ORIENTED_EDGE('',*,*,#2712,.F.);
#2750=ORIENTED_EDGE('',*,*,#2616,.F.);
#2752=ORIENTED_EDGE('',*,*,#2751,.T.);
#2753=ORIENTED_EDGE('',*,*,#2656,.T.);
#2754=EDGE_LOOP('',(#2749,#2750,#2752,#2753));
#2755=FACE_OUTER_BOUND('',#2754,.F.);
#2756=ADVANCED_FACE('',(#2755),#2748,.T.);
#2757=CARTESIAN_POINT('',(-1.625E-1,-1.115E-1,5.85E-2));
#2758=DIRECTION('',(1.E0,0.E0,0.E0));
#2759=DIRECTION('',(0.E0,0.E0,-1.E0));
#2760=AXIS2_PLACEMENT_3D('',#2757,#2758,#2759);
#2761=CYLINDRICAL_SURFACE('',#2760,7.1E-2);
#2762=ORIENTED_EDGE('',*,*,#2614,.F.);
#2764=ORIENTED_EDGE('',*,*,#2763,.T.);
#2765=ORIENTED_EDGE('',*,*,#2658,.T.);
#2766=ORIENTED_EDGE('',*,*,#2751,.F.);
#2767=EDGE_LOOP('',(#2762,#2764,#2765,#2766));
#2768=FACE_OUTER_BOUND('',#2767,.F.);
#2769=ADVANCED_FACE('',(#2768),#2761,.T.);
#2770=CARTESIAN_POINT('',(-1.625E-1,-1.825E-1,2.66E-1));
#2771=DIRECTION('',(0.E0,-1.E0,0.E0));
#2772=DIRECTION('',(0.E0,0.E0,-1.E0));
#2773=AXIS2_PLACEMENT_3D('',#2770,#2771,#2772);
#2774=PLANE('',#2773);
#2775=ORIENTED_EDGE('',*,*,#2612,.F.);
#2777=ORIENTED_EDGE('',*,*,#2776,.T.);
#2778=ORIENTED_EDGE('',*,*,#2660,.T.);
#2779=ORIENTED_EDGE('',*,*,#2763,.F.);
#2780=EDGE_LOOP('',(#2775,#2777,#2778,#2779));
#2781=FACE_OUTER_BOUND('',#2780,.F.);
#2782=ADVANCED_FACE('',(#2781),#2774,.T.);
#2783=CARTESIAN_POINT('',(-1.625E-1,-1.575E-1,2.66E-1));
#2784=DIRECTION('',(0.E0,0.E0,1.E0));
#2785=DIRECTION('',(0.E0,-1.E0,0.E0));
#2786=AXIS2_PLACEMENT_3D('',#2783,#2784,#2785);
#2787=PLANE('',#2786);
#2788=ORIENTED_EDGE('',*,*,#2610,.F.);
#2790=ORIENTED_EDGE('',*,*,#2789,.T.);
#2791=ORIENTED_EDGE('',*,*,#2662,.T.);
#2792=ORIENTED_EDGE('',*,*,#2776,.F.);
#2793=EDGE_LOOP('',(#2788,#2790,#2791,#2792));
#2794=FACE_OUTER_BOUND('',#2793,.F.);
#2795=ADVANCED_FACE('',(#2794),#2787,.T.);
#2796=CARTESIAN_POINT('',(-1.625E-1,-1.575E-1,5.85E-2));
#2797=DIRECTION('',(0.E0,1.E0,0.E0));
#2798=DIRECTION('',(0.E0,0.E0,1.E0));
#2799=AXIS2_PLACEMENT_3D('',#2796,#2797,#2798);
#2800=PLANE('',#2799);
#2801=ORIENTED_EDGE('',*,*,#2608,.F.);
#2803=ORIENTED_EDGE('',*,*,#2802,.T.);
#2804=ORIENTED_EDGE('',*,*,#2664,.T.);
#2805=ORIENTED_EDGE('',*,*,#2789,.F.);
#2806=EDGE_LOOP('',(#2801,#2803,#2804,#2805));
#2807=FACE_OUTER_BOUND('',#2806,.F.);
#2808=ADVANCED_FACE('',(#2807),#2800,.T.);
#2809=CARTESIAN_POINT('',(-1.625E-1,-1.115E-1,5.85E-2));
#2810=DIRECTION('',(1.E0,0.E0,0.E0));
#2811=DIRECTION('',(0.E0,0.E0,-1.E0));
#2812=AXIS2_PLACEMENT_3D('',#2809,#2810,#2811);
#2813=CYLINDRICAL_SURFACE('',#2812,4.6E-2);
#2814=ORIENTED_EDGE('',*,*,#2606,.F.);
#2816=ORIENTED_EDGE('',*,*,#2815,.T.);
#2817=ORIENTED_EDGE('',*,*,#2666,.T.);
#2818=ORIENTED_EDGE('',*,*,#2802,.F.);
#2819=EDGE_LOOP('',(#2814,#2816,#2817,#2818));
#2820=FACE_OUTER_BOUND('',#2819,.F.);
#2821=ADVANCED_FACE('',(#2820),#2813,.F.);
#2822=CARTESIAN_POINT('',(-1.625E-1,-3.75E-2,1.25E-2));
#2823=DIRECTION('',(0.E0,0.E0,1.E0));
#2824=DIRECTION('',(0.E0,-1.E0,0.E0));
#2825=AXIS2_PLACEMENT_3D('',#2822,#2823,#2824);
#2826=PLANE('',#2825);
#2827=ORIENTED_EDGE('',*,*,#2715,.T.);
#2828=ORIENTED_EDGE('',*,*,#2668,.T.);
#2829=ORIENTED_EDGE('',*,*,#2815,.F.);
#2830=ORIENTED_EDGE('',*,*,#2604,.F.);
#2831=EDGE_LOOP('',(#2827,#2828,#2829,#2830));
#2832=FACE_OUTER_BOUND('',#2831,.F.);
#2833=ADVANCED_FACE('',(#2832),#2826,.T.);
#2834=CARTESIAN_POINT('',(-6.25E-2,-3.75E-2,1.25E-1));
#2835=DIRECTION('',(1.E0,0.E0,0.E0));
#2836=DIRECTION('',(0.E0,0.E0,-1.E0));
#2837=AXIS2_PLACEMENT_3D('',#2834,#2835,#2836);
#2838=PLANE('',#2837);
#2839=ORIENTED_EDGE('',*,*,#2327,.T.);
#2841=ORIENTED_EDGE('',*,*,#2840,.T.);
#2843=ORIENTED_EDGE('',*,*,#2842,.T.);
#2845=ORIENTED_EDGE('',*,*,#2844,.T.);
#2846=EDGE_LOOP('',(#2839,#2841,#2843,#2845));
#2847=FACE_OUTER_BOUND('',#2846,.F.);
#2848=ADVANCED_FACE('',(#2847),#2838,.F.);
#2849=CARTESIAN_POINT('',(-6.25E-2,-3.75E-2,1.25E-1));
#2850=DIRECTION('',(1.E0,0.E0,0.E0));
#2851=DIRECTION('',(0.E0,0.E0,-1.E0));
#2852=AXIS2_PLACEMENT_3D('',#2849,#2850,#2851);
#2853=PLANE('',#2852);
#2855=ORIENTED_EDGE('',*,*,#2854,.F.);
#2857=ORIENTED_EDGE('',*,*,#2856,.T.);
#2859=ORIENTED_EDGE('',*,*,#2858,.T.);
#2861=ORIENTED_EDGE('',*,*,#2860,.T.);
#2863=ORIENTED_EDGE('',*,*,#2862,.T.);
#2865=ORIENTED_EDGE('',*,*,#2864,.T.);
#2867=ORIENTED_EDGE('',*,*,#2866,.T.);
#2869=ORIENTED_EDGE('',*,*,#2868,.T.);
#2870=EDGE_LOOP('',(#2855,#2857,#2859,#2861,#2863,#2865,#2867,#2869));
#2871=FACE_OUTER_BOUND('',#2870,.F.);
#2872=ADVANCED_FACE('',(#2871),#2853,.F.);
#2873=CARTESIAN_POINT('',(-6.25E-2,6.25E-2,-1.25E-2));
#2874=DIRECTION('',(0.E0,0.E0,-1.E0));
#2875=DIRECTION('',(0.E0,1.E0,0.E0));
#2876=AXIS2_PLACEMENT_3D('',#2873,#2874,#2875);
#2877=PLANE('',#2876);
#2878=ORIENTED_EDGE('',*,*,#2333,.T.);
#2880=ORIENTED_EDGE('',*,*,#2879,.T.);
#2882=ORIENTED_EDGE('',*,*,#2881,.F.);
#2883=ORIENTED_EDGE('',*,*,#2840,.F.);
#2884=EDGE_LOOP('',(#2878,#2880,#2882,#2883));
#2885=FACE_OUTER_BOUND('',#2884,.F.);
#2886=ADVANCED_FACE('',(#2885),#2877,.T.);
#2887=CARTESIAN_POINT('',(-3.75E-2,-3.75E-2,1.25E-1));
#2888=DIRECTION('',(1.E0,0.E0,0.E0));
#2889=DIRECTION('',(0.E0,0.E0,-1.E0));
#2890=AXIS2_PLACEMENT_3D('',#2887,#2888,#2889);
#2891=PLANE('',#2890);
#2892=ORIENTED_EDGE('',*,*,#2331,.F.);
#2894=ORIENTED_EDGE('',*,*,#2893,.F.);
#2896=ORIENTED_EDGE('',*,*,#2895,.F.);
#2897=ORIENTED_EDGE('',*,*,#2879,.F.);
#2898=EDGE_LOOP('',(#2892,#2894,#2896,#2897));
#2899=FACE_OUTER_BOUND('',#2898,.F.);
#2900=ADVANCED_FACE('',(#2899),#2891,.T.);
#2901=CARTESIAN_POINT('',(-3.75E-2,-3.75E-2,1.25E-1));
#2902=DIRECTION('',(1.E0,0.E0,0.E0));
#2903=DIRECTION('',(0.E0,0.E0,-1.E0));
#2904=AXIS2_PLACEMENT_3D('',#2901,#2902,#2903);
#2905=PLANE('',#2904);
#2907=ORIENTED_EDGE('',*,*,#2906,.T.);
#2909=ORIENTED_EDGE('',*,*,#2908,.F.);
#2911=ORIENTED_EDGE('',*,*,#2910,.F.);
#2913=ORIENTED_EDGE('',*,*,#2912,.F.);
#2915=ORIENTED_EDGE('',*,*,#2914,.F.);
#2917=ORIENTED_EDGE('',*,*,#2916,.F.);
#2919=ORIENTED_EDGE('',*,*,#2918,.F.);
#2921=ORIENTED_EDGE('',*,*,#2920,.F.);
#2922=EDGE_LOOP('',(#2907,#2909,#2911,#2913,#2915,#2917,#2919,#2921));
#2923=FACE_OUTER_BOUND('',#2922,.F.);
#2924=ADVANCED_FACE('',(#2923),#2905,.T.);
#2925=CARTESIAN_POINT('',(-6.25E-2,3.265E-1,1.25E-2));
#2926=DIRECTION('',(0.E0,0.E0,1.E0));
#2927=DIRECTION('',(0.E0,-1.E0,0.E0));
#2928=AXIS2_PLACEMENT_3D('',#2925,#2926,#2927);
#2929=PLANE('',#2928);
#2930=ORIENTED_EDGE('',*,*,#2329,.F.);
#2931=ORIENTED_EDGE('',*,*,#2844,.F.);
#2933=ORIENTED_EDGE('',*,*,#2932,.T.);
#2934=ORIENTED_EDGE('',*,*,#2893,.T.);
#2935=EDGE_LOOP('',(#2930,#2931,#2933,#2934));
#2936=FACE_OUTER_BOUND('',#2935,.F.);
#2937=ADVANCED_FACE('',(#2936),#2929,.T.);
#2938=CARTESIAN_POINT('',(-6.25E-2,3.265E-1,-1.25E-2));
#2939=DIRECTION('',(0.E0,1.E0,0.E0));
#2940=DIRECTION('',(0.E0,0.E0,1.E0));
#2941=AXIS2_PLACEMENT_3D('',#2938,#2939,#2940);
#2942=PLANE('',#2941);
#2943=ORIENTED_EDGE('',*,*,#2842,.F.);
#2944=ORIENTED_EDGE('',*,*,#2881,.T.);
#2945=ORIENTED_EDGE('',*,*,#2895,.T.);
#2946=ORIENTED_EDGE('',*,*,#2932,.F.);
#2947=EDGE_LOOP('',(#2943,#2944,#2945,#2946));
#2948=FACE_OUTER_BOUND('',#2947,.F.);
#2949=ADVANCED_FACE('',(#2948),#2942,.T.);
#2950=CARTESIAN_POINT('',(-3.25E-2,-3.75E-2,1.25E-1));
#2951=DIRECTION('',(0.E0,1.E0,0.E0));
#2952=DIRECTION('',(-1.E0,0.E0,0.E0));
#2953=AXIS2_PLACEMENT_3D('',#2950,#2951,#2952);
#2954=PLANE('',#2953);
#2955=ORIENTED_EDGE('',*,*,#2253,.T.);
#2957=ORIENTED_EDGE('',*,*,#2956,.F.);
#2958=ORIENTED_EDGE('',*,*,#2030,.F.);
#2960=ORIENTED_EDGE('',*,*,#2959,.T.);
#2961=EDGE_LOOP('',(#2955,#2957,#2958,#2960));
#2962=FACE_OUTER_BOUND('',#2961,.F.);
#2963=ORIENTED_EDGE('',*,*,#2854,.T.);
#2965=ORIENTED_EDGE('',*,*,#2964,.T.);
#2966=ORIENTED_EDGE('',*,*,#2906,.F.);
#2968=ORIENTED_EDGE('',*,*,#2967,.F.);
#2969=EDGE_LOOP('',(#2963,#2965,#2966,#2968));
#2970=FACE_BOUND('',#2969,.F.);
#2971=ADVANCED_FACE('',(#2962,#2970),#2954,.F.);
#2972=CARTESIAN_POINT('',(-6.75E-2,-3.75E-2,1.25E-1));
#2973=DIRECTION('',(-1.E0,0.E0,0.E0));
#2974=DIRECTION('',(0.E0,-1.E0,0.E0));
#2975=AXIS2_PLACEMENT_3D('',#2972,#2973,#2974);
#2976=PLANE('',#2975);
#2977=ORIENTED_EDGE('',*,*,#2115,.F.);
#2978=ORIENTED_EDGE('',*,*,#2032,.T.);
#2979=ORIENTED_EDGE('',*,*,#2956,.T.);
#2980=ORIENTED_EDGE('',*,*,#2251,.F.);
#2981=EDGE_LOOP('',(#2977,#2978,#2979,#2980));
#2982=FACE_OUTER_BOUND('',#2981,.F.);
#2983=ADVANCED_FACE('',(#2982),#2976,.F.);
#2984=CARTESIAN_POINT('',(-3.25E-2,-6.25E-2,1.25E-1));
#2985=DIRECTION('',(1.E0,0.E0,0.E0));
#2986=DIRECTION('',(0.E0,1.E0,0.E0));
#2987=AXIS2_PLACEMENT_3D('',#2984,#2985,#2986);
#2988=PLANE('',#2987);
#2989=ORIENTED_EDGE('',*,*,#2134,.T.);
#2990=ORIENTED_EDGE('',*,*,#2255,.T.);
#2991=ORIENTED_EDGE('',*,*,#2959,.F.);
#2992=ORIENTED_EDGE('',*,*,#2028,.F.);
#2993=EDGE_LOOP('',(#2989,#2990,#2991,#2992));
#2994=FACE_OUTER_BOUND('',#2993,.F.);
#2995=ADVANCED_FACE('',(#2994),#2988,.F.);
#2996=CARTESIAN_POINT('',(-6.25E-2,-1.115E-1,-1.25E-2));
#2997=DIRECTION('',(0.E0,0.E0,-1.E0));
#2998=DIRECTION('',(0.E0,1.E0,0.E0));
#2999=AXIS2_PLACEMENT_3D('',#2996,#2997,#2998);
#3000=PLANE('',#2999);
#3001=ORIENTED_EDGE('',*,*,#2964,.F.);
#3002=ORIENTED_EDGE('',*,*,#2868,.F.);
#3004=ORIENTED_EDGE('',*,*,#3003,.T.);
#3005=ORIENTED_EDGE('',*,*,#2908,.T.);
#3006=EDGE_LOOP('',(#3001,#3002,#3004,#3005));
#3007=FACE_OUTER_BOUND('',#3006,.F.);
#3008=ADVANCED_FACE('',(#3007),#3000,.T.);
#3009=CARTESIAN_POINT('',(-6.25E-2,-1.115E-1,5.85E-2));
#3010=DIRECTION('',(1.E0,0.E0,0.E0));
#3011=DIRECTION('',(0.E0,0.E0,-1.E0));
#3012=AXIS2_PLACEMENT_3D('',#3009,#3010,#3011);
#3013=CYLINDRICAL_SURFACE('',#3012,7.1E-2);
#3014=ORIENTED_EDGE('',*,*,#2866,.F.);
#3016=ORIENTED_EDGE('',*,*,#3015,.T.);
#3017=ORIENTED_EDGE('',*,*,#2910,.T.);
#3018=ORIENTED_EDGE('',*,*,#3003,.F.);
#3019=EDGE_LOOP('',(#3014,#3016,#3017,#3018));
#3020=FACE_OUTER_BOUND('',#3019,.F.);
#3021=ADVANCED_FACE('',(#3020),#3013,.T.);
#3022=CARTESIAN_POINT('',(-6.25E-2,-1.825E-1,2.66E-1));
#3023=DIRECTION('',(0.E0,-1.E0,0.E0));
#3024=DIRECTION('',(0.E0,0.E0,-1.E0));
#3025=AXIS2_PLACEMENT_3D('',#3022,#3023,#3024);
#3026=PLANE('',#3025);
#3027=ORIENTED_EDGE('',*,*,#2864,.F.);
#3029=ORIENTED_EDGE('',*,*,#3028,.T.);
#3030=ORIENTED_EDGE('',*,*,#2912,.T.);
#3031=ORIENTED_EDGE('',*,*,#3015,.F.);
#3032=EDGE_LOOP('',(#3027,#3029,#3030,#3031));
#3033=FACE_OUTER_BOUND('',#3032,.F.);
#3034=ADVANCED_FACE('',(#3033),#3026,.T.);
#3035=CARTESIAN_POINT('',(-6.25E-2,-1.575E-1,2.66E-1));
#3036=DIRECTION('',(0.E0,0.E0,1.E0));
#3037=DIRECTION('',(0.E0,-1.E0,0.E0));
#3038=AXIS2_PLACEMENT_3D('',#3035,#3036,#3037);
#3039=PLANE('',#3038);
#3040=ORIENTED_EDGE('',*,*,#2862,.F.);
#3042=ORIENTED_EDGE('',*,*,#3041,.T.);
#3043=ORIENTED_EDGE('',*,*,#2914,.T.);
#3044=ORIENTED_EDGE('',*,*,#3028,.F.);
#3045=EDGE_LOOP('',(#3040,#3042,#3043,#3044));
#3046=FACE_OUTER_BOUND('',#3045,.F.);
#3047=ADVANCED_FACE('',(#3046),#3039,.T.);
#3048=CARTESIAN_POINT('',(-6.25E-2,-1.575E-1,5.85E-2));
#3049=DIRECTION('',(0.E0,1.E0,0.E0));
#3050=DIRECTION('',(0.E0,0.E0,1.E0));
#3051=AXIS2_PLACEMENT_3D('',#3048,#3049,#3050);
#3052=PLANE('',#3051);
#3053=ORIENTED_EDGE('',*,*,#2860,.F.);
#3055=ORIENTED_EDGE('',*,*,#3054,.T.);
#3056=ORIENTED_EDGE('',*,*,#2916,.T.);
#3057=ORIENTED_EDGE('',*,*,#3041,.F.);
#3058=EDGE_LOOP('',(#3053,#3055,#3056,#3057));
#3059=FACE_OUTER_BOUND('',#3058,.F.);
#3060=ADVANCED_FACE('',(#3059),#3052,.T.);
#3061=CARTESIAN_POINT('',(-6.25E-2,-1.115E-1,5.85E-2));
#3062=DIRECTION('',(1.E0,0.E0,0.E0));
#3063=DIRECTION('',(0.E0,0.E0,-1.E0));
#3064=AXIS2_PLACEMENT_3D('',#3061,#3062,#3063);
#3065=CYLINDRICAL_SURFACE('',#3064,4.6E-2);
#3066=ORIENTED_EDGE('',*,*,#2858,.F.);
#3068=ORIENTED_EDGE('',*,*,#3067,.T.);
#3069=ORIENTED_EDGE('',*,*,#2918,.T.);
#3070=ORIENTED_EDGE('',*,*,#3054,.F.);
#3071=EDGE_LOOP('',(#3066,#3068,#3069,#3070));
#3072=FACE_OUTER_BOUND('',#3071,.F.);
#3073=ADVANCED_FACE('',(#3072),#3065,.F.);
#3074=CARTESIAN_POINT('',(-6.25E-2,-3.75E-2,1.25E-2));
#3075=DIRECTION('',(0.E0,0.E0,1.E0));
#3076=DIRECTION('',(0.E0,-1.E0,0.E0));
#3077=AXIS2_PLACEMENT_3D('',#3074,#3075,#3076);
#3078=PLANE('',#3077);
#3079=ORIENTED_EDGE('',*,*,#2967,.T.);
#3080=ORIENTED_EDGE('',*,*,#2920,.T.);
#3081=ORIENTED_EDGE('',*,*,#3067,.F.);
#3082=ORIENTED_EDGE('',*,*,#2856,.F.);
#3083=EDGE_LOOP('',(#3079,#3080,#3081,#3082));
#3084=FACE_OUTER_BOUND('',#3083,.F.);
#3085=ADVANCED_FACE('',(#3084),#3078,.T.);
#3086=CARTESIAN_POINT('',(3.75E-2,-3.75E-2,1.25E-1));
#3087=DIRECTION('',(1.E0,0.E0,0.E0));
#3088=DIRECTION('',(0.E0,0.E0,-1.E0));
#3089=AXIS2_PLACEMENT_3D('',#3086,#3087,#3088);
#3090=PLANE('',#3089);
#3091=ORIENTED_EDGE('',*,*,#2337,.T.);
#3093=ORIENTED_EDGE('',*,*,#3092,.T.);
#3095=ORIENTED_EDGE('',*,*,#3094,.T.);
#3097=ORIENTED_EDGE('',*,*,#3096,.T.);
#3098=EDGE_LOOP('',(#3091,#3093,#3095,#3097));
#3099=FACE_OUTER_BOUND('',#3098,.F.);
#3100=ADVANCED_FACE('',(#3099),#3090,.F.);
#3101=CARTESIAN_POINT('',(3.75E-2,-3.75E-2,1.25E-1));
#3102=DIRECTION('',(1.E0,0.E0,0.E0));
#3103=DIRECTION('',(0.E0,0.E0,-1.E0));
#3104=AXIS2_PLACEMENT_3D('',#3101,#3102,#3103);
#3105=PLANE('',#3104);
#3107=ORIENTED_EDGE('',*,*,#3106,.F.);
#3109=ORIENTED_EDGE('',*,*,#3108,.T.);
#3111=ORIENTED_EDGE('',*,*,#3110,.T.);
#3113=ORIENTED_EDGE('',*,*,#3112,.T.);
#3115=ORIENTED_EDGE('',*,*,#3114,.T.);
#3117=ORIENTED_EDGE('',*,*,#3116,.T.);
#3119=ORIENTED_EDGE('',*,*,#3118,.T.);
#3121=ORIENTED_EDGE('',*,*,#3120,.T.);
#3122=EDGE_LOOP('',(#3107,#3109,#3111,#3113,#3115,#3117,#3119,#3121));
#3123=FACE_OUTER_BOUND('',#3122,.F.);
#3124=ADVANCED_FACE('',(#3123),#3105,.F.);
#3125=CARTESIAN_POINT('',(3.75E-2,6.25E-2,-1.25E-2));
#3126=DIRECTION('',(0.E0,0.E0,-1.E0));
#3127=DIRECTION('',(0.E0,1.E0,0.E0));
#3128=AXIS2_PLACEMENT_3D('',#3125,#3126,#3127);
#3129=PLANE('',#3128);
#3130=ORIENTED_EDGE('',*,*,#2343,.T.);
#3132=ORIENTED_EDGE('',*,*,#3131,.T.);
#3134=ORIENTED_EDGE('',*,*,#3133,.F.);
#3135=ORIENTED_EDGE('',*,*,#3092,.F.);
#3136=EDGE_LOOP('',(#3130,#3132,#3134,#3135));
#3137=FACE_OUTER_BOUND('',#3136,.F.);
#3138=ADVANCED_FACE('',(#3137),#3129,.T.);
#3139=CARTESIAN_POINT('',(6.25E-2,-3.75E-2,1.25E-1));
#3140=DIRECTION('',(1.E0,0.E0,0.E0));
#3141=DIRECTION('',(0.E0,0.E0,-1.E0));
#3142=AXIS2_PLACEMENT_3D('',#3139,#3140,#3141);
#3143=PLANE('',#3142);
#3144=ORIENTED_EDGE('',*,*,#2341,.F.);
#3146=ORIENTED_EDGE('',*,*,#3145,.F.);
#3148=ORIENTED_EDGE('',*,*,#3147,.F.);
#3149=ORIENTED_EDGE('',*,*,#3131,.F.);
#3150=EDGE_LOOP('',(#3144,#3146,#3148,#3149));
#3151=FACE_OUTER_BOUND('',#3150,.F.);
#3152=ADVANCED_FACE('',(#3151),#3143,.T.);
#3153=CARTESIAN_POINT('',(6.25E-2,-3.75E-2,1.25E-1));
#3154=DIRECTION('',(1.E0,0.E0,0.E0));
#3155=DIRECTION('',(0.E0,0.E0,-1.E0));
#3156=AXIS2_PLACEMENT_3D('',#3153,#3154,#3155);
#3157=PLANE('',#3156);
#3159=ORIENTED_EDGE('',*,*,#3158,.T.);
#3161=ORIENTED_EDGE('',*,*,#3160,.F.);
#3163=ORIENTED_EDGE('',*,*,#3162,.F.);
#3165=ORIENTED_EDGE('',*,*,#3164,.F.);
#3167=ORIENTED_EDGE('',*,*,#3166,.F.);
#3169=ORIENTED_EDGE('',*,*,#3168,.F.);
#3171=ORIENTED_EDGE('',*,*,#3170,.F.);
#3173=ORIENTED_EDGE('',*,*,#3172,.F.);
#3174=EDGE_LOOP('',(#3159,#3161,#3163,#3165,#3167,#3169,#3171,#3173));
#3175=FACE_OUTER_BOUND('',#3174,.F.);
#3176=ADVANCED_FACE('',(#3175),#3157,.T.);
#3177=CARTESIAN_POINT('',(3.75E-2,3.265E-1,1.25E-2));
#3178=DIRECTION('',(0.E0,0.E0,1.E0));
#3179=DIRECTION('',(0.E0,-1.E0,0.E0));
#3180=AXIS2_PLACEMENT_3D('',#3177,#3178,#3179);
#3181=PLANE('',#3180);
#3182=ORIENTED_EDGE('',*,*,#2339,.F.);
#3183=ORIENTED_EDGE('',*,*,#3096,.F.);
#3185=ORIENTED_EDGE('',*,*,#3184,.T.);
#3186=ORIENTED_EDGE('',*,*,#3145,.T.);
#3187=EDGE_LOOP('',(#3182,#3183,#3185,#3186));
#3188=FACE_OUTER_BOUND('',#3187,.F.);
#3189=ADVANCED_FACE('',(#3188),#3181,.T.);
#3190=CARTESIAN_POINT('',(3.75E-2,3.265E-1,-1.25E-2));
#3191=DIRECTION('',(0.E0,1.E0,0.E0));
#3192=DIRECTION('',(0.E0,0.E0,1.E0));
#3193=AXIS2_PLACEMENT_3D('',#3190,#3191,#3192);
#3194=PLANE('',#3193);
#3195=ORIENTED_EDGE('',*,*,#3094,.F.);
#3196=ORIENTED_EDGE('',*,*,#3133,.T.);
#3197=ORIENTED_EDGE('',*,*,#3147,.T.);
#3198=ORIENTED_EDGE('',*,*,#3184,.F.);
#3199=EDGE_LOOP('',(#3195,#3196,#3197,#3198));
#3200=FACE_OUTER_BOUND('',#3199,.F.);
#3201=ADVANCED_FACE('',(#3200),#3194,.T.);
#3202=CARTESIAN_POINT('',(6.75E-2,-3.75E-2,1.25E-1));
#3203=DIRECTION('',(0.E0,1.E0,0.E0));
#3204=DIRECTION('',(-1.E0,0.E0,0.E0));
#3205=AXIS2_PLACEMENT_3D('',#3202,#3203,#3204);
#3206=PLANE('',#3205);
#3207=ORIENTED_EDGE('',*,*,#2260,.T.);
#3209=ORIENTED_EDGE('',*,*,#3208,.F.);
#3210=ORIENTED_EDGE('',*,*,#2022,.F.);
#3212=ORIENTED_EDGE('',*,*,#3211,.T.);
#3213=EDGE_LOOP('',(#3207,#3209,#3210,#3212));
#3214=FACE_OUTER_BOUND('',#3213,.F.);
#3215=ORIENTED_EDGE('',*,*,#3106,.T.);
#3217=ORIENTED_EDGE('',*,*,#3216,.T.);
#3218=ORIENTED_EDGE('',*,*,#3158,.F.);
#3220=ORIENTED_EDGE('',*,*,#3219,.F.);
#3221=EDGE_LOOP('',(#3215,#3217,#3218,#3220));
#3222=FACE_BOUND('',#3221,.F.);
#3223=ADVANCED_FACE('',(#3214,#3222),#3206,.F.);
#3224=CARTESIAN_POINT('',(3.25E-2,-3.75E-2,1.25E-1));
#3225=DIRECTION('',(-1.E0,0.E0,0.E0));
#3226=DIRECTION('',(0.E0,-1.E0,0.E0));
#3227=AXIS2_PLACEMENT_3D('',#3224,#3225,#3226);
#3228=PLANE('',#3227);
#3229=ORIENTED_EDGE('',*,*,#2130,.F.);
#3230=ORIENTED_EDGE('',*,*,#2024,.T.);
#3231=ORIENTED_EDGE('',*,*,#3208,.T.);
#3232=ORIENTED_EDGE('',*,*,#2258,.F.);
#3233=EDGE_LOOP('',(#3229,#3230,#3231,#3232));
#3234=FACE_OUTER_BOUND('',#3233,.F.);
#3235=ADVANCED_FACE('',(#3234),#3228,.F.);
#3236=CARTESIAN_POINT('',(6.75E-2,-6.25E-2,1.25E-1));
#3237=DIRECTION('',(1.E0,0.E0,0.E0));
#3238=DIRECTION('',(0.E0,1.E0,0.E0));
#3239=AXIS2_PLACEMENT_3D('',#3236,#3237,#3238);
#3240=PLANE('',#3239);
#3241=ORIENTED_EDGE('',*,*,#2149,.T.);
#3242=ORIENTED_EDGE('',*,*,#2262,.T.);
#3243=ORIENTED_EDGE('',*,*,#3211,.F.);
#3244=ORIENTED_EDGE('',*,*,#2020,.F.);
#3245=EDGE_LOOP('',(#3241,#3242,#3243,#3244));
#3246=FACE_OUTER_BOUND('',#3245,.F.);
#3247=ADVANCED_FACE('',(#3246),#3240,.F.);
#3248=CARTESIAN_POINT('',(3.75E-2,-1.115E-1,-1.25E-2));
#3249=DIRECTION('',(0.E0,0.E0,-1.E0));
#3250=DIRECTION('',(0.E0,1.E0,0.E0));
#3251=AXIS2_PLACEMENT_3D('',#3248,#3249,#3250);
#3252=PLANE('',#3251);
#3253=ORIENTED_EDGE('',*,*,#3216,.F.);
#3254=ORIENTED_EDGE('',*,*,#3120,.F.);
#3256=ORIENTED_EDGE('',*,*,#3255,.T.);
#3257=ORIENTED_EDGE('',*,*,#3160,.T.);
#3258=EDGE_LOOP('',(#3253,#3254,#3256,#3257));
#3259=FACE_OUTER_BOUND('',#3258,.F.);
#3260=ADVANCED_FACE('',(#3259),#3252,.T.);
#3261=CARTESIAN_POINT('',(3.75E-2,-1.115E-1,5.85E-2));
#3262=DIRECTION('',(1.E0,0.E0,0.E0));
#3263=DIRECTION('',(0.E0,0.E0,-1.E0));
#3264=AXIS2_PLACEMENT_3D('',#3261,#3262,#3263);
#3265=CYLINDRICAL_SURFACE('',#3264,7.1E-2);
#3266=ORIENTED_EDGE('',*,*,#3118,.F.);
#3268=ORIENTED_EDGE('',*,*,#3267,.T.);
#3269=ORIENTED_EDGE('',*,*,#3162,.T.);
#3270=ORIENTED_EDGE('',*,*,#3255,.F.);
#3271=EDGE_LOOP('',(#3266,#3268,#3269,#3270));
#3272=FACE_OUTER_BOUND('',#3271,.F.);
#3273=ADVANCED_FACE('',(#3272),#3265,.T.);
#3274=CARTESIAN_POINT('',(3.75E-2,-1.825E-1,2.66E-1));
#3275=DIRECTION('',(0.E0,-1.E0,0.E0));
#3276=DIRECTION('',(0.E0,0.E0,-1.E0));
#3277=AXIS2_PLACEMENT_3D('',#3274,#3275,#3276);
#3278=PLANE('',#3277);
#3279=ORIENTED_EDGE('',*,*,#3116,.F.);
#3281=ORIENTED_EDGE('',*,*,#3280,.T.);
#3282=ORIENTED_EDGE('',*,*,#3164,.T.);
#3283=ORIENTED_EDGE('',*,*,#3267,.F.);
#3284=EDGE_LOOP('',(#3279,#3281,#3282,#3283));
#3285=FACE_OUTER_BOUND('',#3284,.F.);
#3286=ADVANCED_FACE('',(#3285),#3278,.T.);
#3287=CARTESIAN_POINT('',(3.75E-2,-1.575E-1,2.66E-1));
#3288=DIRECTION('',(0.E0,0.E0,1.E0));
#3289=DIRECTION('',(0.E0,-1.E0,0.E0));
#3290=AXIS2_PLACEMENT_3D('',#3287,#3288,#3289);
#3291=PLANE('',#3290);
#3292=ORIENTED_EDGE('',*,*,#3114,.F.);
#3294=ORIENTED_EDGE('',*,*,#3293,.T.);
#3295=ORIENTED_EDGE('',*,*,#3166,.T.);
#3296=ORIENTED_EDGE('',*,*,#3280,.F.);
#3297=EDGE_LOOP('',(#3292,#3294,#3295,#3296));
#3298=FACE_OUTER_BOUND('',#3297,.F.);
#3299=ADVANCED_FACE('',(#3298),#3291,.T.);
#3300=CARTESIAN_POINT('',(3.75E-2,-1.575E-1,5.85E-2));
#3301=DIRECTION('',(0.E0,1.E0,0.E0));
#3302=DIRECTION('',(0.E0,0.E0,1.E0));
#3303=AXIS2_PLACEMENT_3D('',#3300,#3301,#3302);
#3304=PLANE('',#3303);
#3305=ORIENTED_EDGE('',*,*,#3112,.F.);
#3307=ORIENTED_EDGE('',*,*,#3306,.T.);
#3308=ORIENTED_EDGE('',*,*,#3168,.T.);
#3309=ORIENTED_EDGE('',*,*,#3293,.F.);
#3310=EDGE_LOOP('',(#3305,#3307,#3308,#3309));
#3311=FACE_OUTER_BOUND('',#3310,.F.);
#3312=ADVANCED_FACE('',(#3311),#3304,.T.);
#3313=CARTESIAN_POINT('',(3.75E-2,-1.115E-1,5.85E-2));
#3314=DIRECTION('',(1.E0,0.E0,0.E0));
#3315=DIRECTION('',(0.E0,0.E0,-1.E0));
#3316=AXIS2_PLACEMENT_3D('',#3313,#3314,#3315);
#3317=CYLINDRICAL_SURFACE('',#3316,4.6E-2);
#3318=ORIENTED_EDGE('',*,*,#3110,.F.);
#3320=ORIENTED_EDGE('',*,*,#3319,.T.);
#3321=ORIENTED_EDGE('',*,*,#3170,.T.);
#3322=ORIENTED_EDGE('',*,*,#3306,.F.);
#3323=EDGE_LOOP('',(#3318,#3320,#3321,#3322));
#3324=FACE_OUTER_BOUND('',#3323,.F.);
#3325=ADVANCED_FACE('',(#3324),#3317,.F.);
#3326=CARTESIAN_POINT('',(3.75E-2,-3.75E-2,1.25E-2));
#3327=DIRECTION('',(0.E0,0.E0,1.E0));
#3328=DIRECTION('',(0.E0,-1.E0,0.E0));
#3329=AXIS2_PLACEMENT_3D('',#3326,#3327,#3328);
#3330=PLANE('',#3329);
#3331=ORIENTED_EDGE('',*,*,#3219,.T.);
#3332=ORIENTED_EDGE('',*,*,#3172,.T.);
#3333=ORIENTED_EDGE('',*,*,#3319,.F.);
#3334=ORIENTED_EDGE('',*,*,#3108,.F.);
#3335=EDGE_LOOP('',(#3331,#3332,#3333,#3334));
#3336=FACE_OUTER_BOUND('',#3335,.F.);
#3337=ADVANCED_FACE('',(#3336),#3330,.T.);
#3338=CARTESIAN_POINT('',(1.375E-1,-3.75E-2,1.25E-1));
#3339=DIRECTION('',(1.E0,0.E0,0.E0));
#3340=DIRECTION('',(0.E0,0.E0,-1.E0));
#3341=AXIS2_PLACEMENT_3D('',#3338,#3339,#3340);
#3342=PLANE('',#3341);
#3343=ORIENTED_EDGE('',*,*,#2347,.T.);
#3345=ORIENTED_EDGE('',*,*,#3344,.T.);
#3347=ORIENTED_EDGE('',*,*,#3346,.T.);
#3349=ORIENTED_EDGE('',*,*,#3348,.T.);
#3350=EDGE_LOOP('',(#3343,#3345,#3347,#3349));
#3351=FACE_OUTER_BOUND('',#3350,.F.);
#3352=ADVANCED_FACE('',(#3351),#3342,.F.);
#3353=CARTESIAN_POINT('',(1.375E-1,-3.75E-2,1.25E-1));
#3354=DIRECTION('',(1.E0,0.E0,0.E0));
#3355=DIRECTION('',(0.E0,0.E0,-1.E0));
#3356=AXIS2_PLACEMENT_3D('',#3353,#3354,#3355);
#3357=PLANE('',#3356);
#3359=ORIENTED_EDGE('',*,*,#3358,.F.);
#3361=ORIENTED_EDGE('',*,*,#3360,.T.);
#3363=ORIENTED_EDGE('',*,*,#3362,.T.);
#3365=ORIENTED_EDGE('',*,*,#3364,.T.);
#3367=ORIENTED_EDGE('',*,*,#3366,.T.);
#3369=ORIENTED_EDGE('',*,*,#3368,.T.);
#3371=ORIENTED_EDGE('',*,*,#3370,.T.);
#3373=ORIENTED_EDGE('',*,*,#3372,.T.);
#3374=EDGE_LOOP('',(#3359,#3361,#3363,#3365,#3367,#3369,#3371,#3373));
#3375=FACE_OUTER_BOUND('',#3374,.F.);
#3376=ADVANCED_FACE('',(#3375),#3357,.F.);
#3377=CARTESIAN_POINT('',(1.375E-1,6.25E-2,-1.25E-2));
#3378=DIRECTION('',(0.E0,0.E0,-1.E0));
#3379=DIRECTION('',(0.E0,1.E0,0.E0));
#3380=AXIS2_PLACEMENT_3D('',#3377,#3378,#3379);
#3381=PLANE('',#3380);
#3382=ORIENTED_EDGE('',*,*,#2353,.T.);
#3384=ORIENTED_EDGE('',*,*,#3383,.T.);
#3386=ORIENTED_EDGE('',*,*,#3385,.F.);
#3387=ORIENTED_EDGE('',*,*,#3344,.F.);
#3388=EDGE_LOOP('',(#3382,#3384,#3386,#3387));
#3389=FACE_OUTER_BOUND('',#3388,.F.);
#3390=ADVANCED_FACE('',(#3389),#3381,.T.);
#3391=CARTESIAN_POINT('',(1.625E-1,-3.75E-2,1.25E-1));
#3392=DIRECTION('',(1.E0,0.E0,0.E0));
#3393=DIRECTION('',(0.E0,0.E0,-1.E0));
#3394=AXIS2_PLACEMENT_3D('',#3391,#3392,#3393);
#3395=PLANE('',#3394);
#3396=ORIENTED_EDGE('',*,*,#2351,.F.);
#3398=ORIENTED_EDGE('',*,*,#3397,.F.);
#3400=ORIENTED_EDGE('',*,*,#3399,.F.);
#3401=ORIENTED_EDGE('',*,*,#3383,.F.);
#3402=EDGE_LOOP('',(#3396,#3398,#3400,#3401));
#3403=FACE_OUTER_BOUND('',#3402,.F.);
#3404=ADVANCED_FACE('',(#3403),#3395,.T.);
#3405=CARTESIAN_POINT('',(1.625E-1,-3.75E-2,1.25E-1));
#3406=DIRECTION('',(1.E0,0.E0,0.E0));
#3407=DIRECTION('',(0.E0,0.E0,-1.E0));
#3408=AXIS2_PLACEMENT_3D('',#3405,#3406,#3407);
#3409=PLANE('',#3408);
#3411=ORIENTED_EDGE('',*,*,#3410,.T.);
#3413=ORIENTED_EDGE('',*,*,#3412,.F.);
#3415=ORIENTED_EDGE('',*,*,#3414,.F.);
#3417=ORIENTED_EDGE('',*,*,#3416,.F.);
#3419=ORIENTED_EDGE('',*,*,#3418,.F.);
#3421=ORIENTED_EDGE('',*,*,#3420,.F.);
#3423=ORIENTED_EDGE('',*,*,#3422,.F.);
#3425=ORIENTED_EDGE('',*,*,#3424,.F.);
#3426=EDGE_LOOP('',(#3411,#3413,#3415,#3417,#3419,#3421,#3423,#3425));
#3427=FACE_OUTER_BOUND('',#3426,.F.);
#3428=ADVANCED_FACE('',(#3427),#3409,.T.);
#3429=CARTESIAN_POINT('',(1.375E-1,3.265E-1,1.25E-2));
#3430=DIRECTION('',(0.E0,0.E0,1.E0));
#3431=DIRECTION('',(0.E0,-1.E0,0.E0));
#3432=AXIS2_PLACEMENT_3D('',#3429,#3430,#3431);
#3433=PLANE('',#3432);
#3434=ORIENTED_EDGE('',*,*,#2349,.F.);
#3435=ORIENTED_EDGE('',*,*,#3348,.F.);
#3437=ORIENTED_EDGE('',*,*,#3436,.T.);
#3438=ORIENTED_EDGE('',*,*,#3397,.T.);
#3439=EDGE_LOOP('',(#3434,#3435,#3437,#3438));
#3440=FACE_OUTER_BOUND('',#3439,.F.);
#3441=ADVANCED_FACE('',(#3440),#3433,.T.);
#3442=CARTESIAN_POINT('',(1.375E-1,3.265E-1,-1.25E-2));
#3443=DIRECTION('',(0.E0,1.E0,0.E0));
#3444=DIRECTION('',(0.E0,0.E0,1.E0));
#3445=AXIS2_PLACEMENT_3D('',#3442,#3443,#3444);
#3446=PLANE('',#3445);
#3447=ORIENTED_EDGE('',*,*,#3346,.F.);
#3448=ORIENTED_EDGE('',*,*,#3385,.T.);
#3449=ORIENTED_EDGE('',*,*,#3399,.T.);
#3450=ORIENTED_EDGE('',*,*,#3436,.F.);
#3451=EDGE_LOOP('',(#3447,#3448,#3449,#3450));
#3452=FACE_OUTER_BOUND('',#3451,.F.);
#3453=ADVANCED_FACE('',(#3452),#3446,.T.);
#3454=CARTESIAN_POINT('',(1.675E-1,-3.75E-2,1.25E-1));
#3455=DIRECTION('',(0.E0,1.E0,0.E0));
#3456=DIRECTION('',(-1.E0,0.E0,0.E0));
#3457=AXIS2_PLACEMENT_3D('',#3454,#3455,#3456);
#3458=PLANE('',#3457);
#3459=ORIENTED_EDGE('',*,*,#2267,.T.);
#3461=ORIENTED_EDGE('',*,*,#3460,.F.);
#3462=ORIENTED_EDGE('',*,*,#2014,.F.);
#3464=ORIENTED_EDGE('',*,*,#3463,.T.);
#3465=EDGE_LOOP('',(#3459,#3461,#3462,#3464));
#3466=FACE_OUTER_BOUND('',#3465,.F.);
#3467=ORIENTED_EDGE('',*,*,#3358,.T.);
#3469=ORIENTED_EDGE('',*,*,#3468,.T.);
#3470=ORIENTED_EDGE('',*,*,#3410,.F.);
#3472=ORIENTED_EDGE('',*,*,#3471,.F.);
#3473=EDGE_LOOP('',(#3467,#3469,#3470,#3472));
#3474=FACE_BOUND('',#3473,.F.);
#3475=ADVANCED_FACE('',(#3466,#3474),#3458,.F.);
#3476=CARTESIAN_POINT('',(1.325E-1,-3.75E-2,1.25E-1));
#3477=DIRECTION('',(-1.E0,0.E0,0.E0));
#3478=DIRECTION('',(0.E0,-1.E0,0.E0));
#3479=AXIS2_PLACEMENT_3D('',#3476,#3477,#3478);
#3480=PLANE('',#3479);
#3481=ORIENTED_EDGE('',*,*,#2145,.F.);
#3482=ORIENTED_EDGE('',*,*,#2016,.T.);
#3483=ORIENTED_EDGE('',*,*,#3460,.T.);
#3484=ORIENTED_EDGE('',*,*,#2265,.F.);
#3485=EDGE_LOOP('',(#3481,#3482,#3483,#3484));
#3486=FACE_OUTER_BOUND('',#3485,.F.);
#3487=ADVANCED_FACE('',(#3486),#3480,.F.);
#3488=CARTESIAN_POINT('',(1.675E-1,-6.25E-2,1.25E-1));
#3489=DIRECTION('',(1.E0,0.E0,0.E0));
#3490=DIRECTION('',(0.E0,1.E0,0.E0));
#3491=AXIS2_PLACEMENT_3D('',#3488,#3489,#3490);
#3492=PLANE('',#3491);
#3493=ORIENTED_EDGE('',*,*,#2163,.T.);
#3494=ORIENTED_EDGE('',*,*,#2269,.T.);
#3495=ORIENTED_EDGE('',*,*,#3463,.F.);
#3496=ORIENTED_EDGE('',*,*,#2012,.F.);
#3497=EDGE_LOOP('',(#3493,#3494,#3495,#3496));
#3498=FACE_OUTER_BOUND('',#3497,.F.);
#3499=ADVANCED_FACE('',(#3498),#3492,.F.);
#3500=CARTESIAN_POINT('',(1.375E-1,-1.115E-1,-1.25E-2));
#3501=DIRECTION('',(0.E0,0.E0,-1.E0));
#3502=DIRECTION('',(0.E0,1.E0,0.E0));
#3503=AXIS2_PLACEMENT_3D('',#3500,#3501,#3502);
#3504=PLANE('',#3503);
#3505=ORIENTED_EDGE('',*,*,#3468,.F.);
#3506=ORIENTED_EDGE('',*,*,#3372,.F.);
#3508=ORIENTED_EDGE('',*,*,#3507,.T.);
#3509=ORIENTED_EDGE('',*,*,#3412,.T.);
#3510=EDGE_LOOP('',(#3505,#3506,#3508,#3509));
#3511=FACE_OUTER_BOUND('',#3510,.F.);
#3512=ADVANCED_FACE('',(#3511),#3504,.T.);
#3513=CARTESIAN_POINT('',(1.375E-1,-1.115E-1,5.85E-2));
#3514=DIRECTION('',(1.E0,0.E0,0.E0));
#3515=DIRECTION('',(0.E0,0.E0,-1.E0));
#3516=AXIS2_PLACEMENT_3D('',#3513,#3514,#3515);
#3517=CYLINDRICAL_SURFACE('',#3516,7.1E-2);
#3518=ORIENTED_EDGE('',*,*,#3370,.F.);
#3520=ORIENTED_EDGE('',*,*,#3519,.T.);
#3521=ORIENTED_EDGE('',*,*,#3414,.T.);
#3522=ORIENTED_EDGE('',*,*,#3507,.F.);
#3523=EDGE_LOOP('',(#3518,#3520,#3521,#3522));
#3524=FACE_OUTER_BOUND('',#3523,.F.);
#3525=ADVANCED_FACE('',(#3524),#3517,.T.);
#3526=CARTESIAN_POINT('',(1.375E-1,-1.825E-1,2.66E-1));
#3527=DIRECTION('',(0.E0,-1.E0,0.E0));
#3528=DIRECTION('',(0.E0,0.E0,-1.E0));
#3529=AXIS2_PLACEMENT_3D('',#3526,#3527,#3528);
#3530=PLANE('',#3529);
#3531=ORIENTED_EDGE('',*,*,#3368,.F.);
#3533=ORIENTED_EDGE('',*,*,#3532,.T.);
#3534=ORIENTED_EDGE('',*,*,#3416,.T.);
#3535=ORIENTED_EDGE('',*,*,#3519,.F.);
#3536=EDGE_LOOP('',(#3531,#3533,#3534,#3535));
#3537=FACE_OUTER_BOUND('',#3536,.F.);
#3538=ADVANCED_FACE('',(#3537),#3530,.T.);
#3539=CARTESIAN_POINT('',(1.375E-1,-1.575E-1,2.66E-1));
#3540=DIRECTION('',(0.E0,0.E0,1.E0));
#3541=DIRECTION('',(0.E0,-1.E0,0.E0));
#3542=AXIS2_PLACEMENT_3D('',#3539,#3540,#3541);
#3543=PLANE('',#3542);
#3544=ORIENTED_EDGE('',*,*,#3366,.F.);
#3546=ORIENTED_EDGE('',*,*,#3545,.T.);
#3547=ORIENTED_EDGE('',*,*,#3418,.T.);
#3548=ORIENTED_EDGE('',*,*,#3532,.F.);
#3549=EDGE_LOOP('',(#3544,#3546,#3547,#3548));
#3550=FACE_OUTER_BOUND('',#3549,.F.);
#3551=ADVANCED_FACE('',(#3550),#3543,.T.);
#3552=CARTESIAN_POINT('',(1.375E-1,-1.575E-1,5.85E-2));
#3553=DIRECTION('',(0.E0,1.E0,0.E0));
#3554=DIRECTION('',(0.E0,0.E0,1.E0));
#3555=AXIS2_PLACEMENT_3D('',#3552,#3553,#3554);
#3556=PLANE('',#3555);
#3557=ORIENTED_EDGE('',*,*,#3364,.F.);
#3559=ORIENTED_EDGE('',*,*,#3558,.T.);
#3560=ORIENTED_EDGE('',*,*,#3420,.T.);
#3561=ORIENTED_EDGE('',*,*,#3545,.F.);
#3562=EDGE_LOOP('',(#3557,#3559,#3560,#3561));
#3563=FACE_OUTER_BOUND('',#3562,.F.);
#3564=ADVANCED_FACE('',(#3563),#3556,.T.);
#3565=CARTESIAN_POINT('',(1.375E-1,-1.115E-1,5.85E-2));
#3566=DIRECTION('',(1.E0,0.E0,0.E0));
#3567=DIRECTION('',(0.E0,0.E0,-1.E0));
#3568=AXIS2_PLACEMENT_3D('',#3565,#3566,#3567);
#3569=CYLINDRICAL_SURFACE('',#3568,4.6E-2);
#3570=ORIENTED_EDGE('',*,*,#3362,.F.);
#3572=ORIENTED_EDGE('',*,*,#3571,.T.);
#3573=ORIENTED_EDGE('',*,*,#3422,.T.);
#3574=ORIENTED_EDGE('',*,*,#3558,.F.);
#3575=EDGE_LOOP('',(#3570,#3572,#3573,#3574));
#3576=FACE_OUTER_BOUND('',#3575,.F.);
#3577=ADVANCED_FACE('',(#3576),#3569,.F.);
#3578=CARTESIAN_POINT('',(1.375E-1,-3.75E-2,1.25E-2));
#3579=DIRECTION('',(0.E0,0.E0,1.E0));
#3580=DIRECTION('',(0.E0,-1.E0,0.E0));
#3581=AXIS2_PLACEMENT_3D('',#3578,#3579,#3580);
#3582=PLANE('',#3581);
#3583=ORIENTED_EDGE('',*,*,#3471,.T.);
#3584=ORIENTED_EDGE('',*,*,#3424,.T.);
#3585=ORIENTED_EDGE('',*,*,#3571,.F.);
#3586=ORIENTED_EDGE('',*,*,#3360,.F.);
#3587=EDGE_LOOP('',(#3583,#3584,#3585,#3586));
#3588=FACE_OUTER_BOUND('',#3587,.F.);
#3589=ADVANCED_FACE('',(#3588),#3582,.T.);
#3590=CARTESIAN_POINT('',(2.375E-1,-3.75E-2,1.25E-1));
#3591=DIRECTION('',(1.E0,0.E0,0.E0));
#3592=DIRECTION('',(0.E0,0.E0,-1.E0));
#3593=AXIS2_PLACEMENT_3D('',#3590,#3591,#3592);
#3594=PLANE('',#3593);
#3595=ORIENTED_EDGE('',*,*,#2357,.T.);
#3597=ORIENTED_EDGE('',*,*,#3596,.T.);
#3599=ORIENTED_EDGE('',*,*,#3598,.T.);
#3601=ORIENTED_EDGE('',*,*,#3600,.T.);
#3602=EDGE_LOOP('',(#3595,#3597,#3599,#3601));
#3603=FACE_OUTER_BOUND('',#3602,.F.);
#3604=ADVANCED_FACE('',(#3603),#3594,.F.);
#3605=CARTESIAN_POINT('',(2.375E-1,-3.75E-2,1.25E-1));
#3606=DIRECTION('',(1.E0,0.E0,0.E0));
#3607=DIRECTION('',(0.E0,0.E0,-1.E0));
#3608=AXIS2_PLACEMENT_3D('',#3605,#3606,#3607);
#3609=PLANE('',#3608);
#3611=ORIENTED_EDGE('',*,*,#3610,.F.);
#3613=ORIENTED_EDGE('',*,*,#3612,.T.);
#3615=ORIENTED_EDGE('',*,*,#3614,.T.);
#3617=ORIENTED_EDGE('',*,*,#3616,.T.);
#3619=ORIENTED_EDGE('',*,*,#3618,.T.);
#3621=ORIENTED_EDGE('',*,*,#3620,.T.);
#3623=ORIENTED_EDGE('',*,*,#3622,.T.);
#3625=ORIENTED_EDGE('',*,*,#3624,.T.);
#3626=EDGE_LOOP('',(#3611,#3613,#3615,#3617,#3619,#3621,#3623,#3625));
#3627=FACE_OUTER_BOUND('',#3626,.F.);
#3628=ADVANCED_FACE('',(#3627),#3609,.F.);
#3629=CARTESIAN_POINT('',(2.375E-1,6.25E-2,-1.25E-2));
#3630=DIRECTION('',(0.E0,0.E0,-1.E0));
#3631=DIRECTION('',(0.E0,1.E0,0.E0));
#3632=AXIS2_PLACEMENT_3D('',#3629,#3630,#3631);
#3633=PLANE('',#3632);
#3634=ORIENTED_EDGE('',*,*,#2363,.T.);
#3636=ORIENTED_EDGE('',*,*,#3635,.T.);
#3638=ORIENTED_EDGE('',*,*,#3637,.F.);
#3639=ORIENTED_EDGE('',*,*,#3596,.F.);
#3640=EDGE_LOOP('',(#3634,#3636,#3638,#3639));
#3641=FACE_OUTER_BOUND('',#3640,.F.);
#3642=ADVANCED_FACE('',(#3641),#3633,.T.);
#3643=CARTESIAN_POINT('',(2.625E-1,-3.75E-2,1.25E-1));
#3644=DIRECTION('',(1.E0,0.E0,0.E0));
#3645=DIRECTION('',(0.E0,0.E0,-1.E0));
#3646=AXIS2_PLACEMENT_3D('',#3643,#3644,#3645);
#3647=PLANE('',#3646);
#3648=ORIENTED_EDGE('',*,*,#2361,.F.);
#3650=ORIENTED_EDGE('',*,*,#3649,.F.);
#3652=ORIENTED_EDGE('',*,*,#3651,.F.);
#3653=ORIENTED_EDGE('',*,*,#3635,.F.);
#3654=EDGE_LOOP('',(#3648,#3650,#3652,#3653));
#3655=FACE_OUTER_BOUND('',#3654,.F.);
#3656=ADVANCED_FACE('',(#3655),#3647,.T.);
#3657=CARTESIAN_POINT('',(2.625E-1,-3.75E-2,1.25E-1));
#3658=DIRECTION('',(1.E0,0.E0,0.E0));
#3659=DIRECTION('',(0.E0,0.E0,-1.E0));
#3660=AXIS2_PLACEMENT_3D('',#3657,#3658,#3659);
#3661=PLANE('',#3660);
#3663=ORIENTED_EDGE('',*,*,#3662,.T.);
#3665=ORIENTED_EDGE('',*,*,#3664,.F.);
#3667=ORIENTED_EDGE('',*,*,#3666,.F.);
#3669=ORIENTED_EDGE('',*,*,#3668,.F.);
#3671=ORIENTED_EDGE('',*,*,#3670,.F.);
#3673=ORIENTED_EDGE('',*,*,#3672,.F.);
#3675=ORIENTED_EDGE('',*,*,#3674,.F.);
#3677=ORIENTED_EDGE('',*,*,#3676,.F.);
#3678=EDGE_LOOP('',(#3663,#3665,#3667,#3669,#3671,#3673,#3675,#3677));
#3679=FACE_OUTER_BOUND('',#3678,.F.);
#3680=ADVANCED_FACE('',(#3679),#3661,.T.);
#3681=CARTESIAN_POINT('',(2.375E-1,3.265E-1,1.25E-2));
#3682=DIRECTION('',(0.E0,0.E0,1.E0));
#3683=DIRECTION('',(0.E0,-1.E0,0.E0));
#3684=AXIS2_PLACEMENT_3D('',#3681,#3682,#3683);
#3685=PLANE('',#3684);
#3686=ORIENTED_EDGE('',*,*,#2359,.F.);
#3687=ORIENTED_EDGE('',*,*,#3600,.F.);
#3689=ORIENTED_EDGE('',*,*,#3688,.T.);
#3690=ORIENTED_EDGE('',*,*,#3649,.T.);
#3691=EDGE_LOOP('',(#3686,#3687,#3689,#3690));
#3692=FACE_OUTER_BOUND('',#3691,.F.);
#3693=ADVANCED_FACE('',(#3692),#3685,.T.);
#3694=CARTESIAN_POINT('',(2.375E-1,3.265E-1,-1.25E-2));
#3695=DIRECTION('',(0.E0,1.E0,0.E0));
#3696=DIRECTION('',(0.E0,0.E0,1.E0));
#3697=AXIS2_PLACEMENT_3D('',#3694,#3695,#3696);
#3698=PLANE('',#3697);
#3699=ORIENTED_EDGE('',*,*,#3598,.F.);
#3700=ORIENTED_EDGE('',*,*,#3637,.T.);
#3701=ORIENTED_EDGE('',*,*,#3651,.T.);
#3702=ORIENTED_EDGE('',*,*,#3688,.F.);
#3703=EDGE_LOOP('',(#3699,#3700,#3701,#3702));
#3704=FACE_OUTER_BOUND('',#3703,.F.);
#3705=ADVANCED_FACE('',(#3704),#3698,.T.);
#3706=CARTESIAN_POINT('',(2.675E-1,-3.75E-2,1.25E-1));
#3707=DIRECTION('',(0.E0,1.E0,0.E0));
#3708=DIRECTION('',(-1.E0,0.E0,0.E0));
#3709=AXIS2_PLACEMENT_3D('',#3706,#3707,#3708);
#3710=PLANE('',#3709);
#3711=ORIENTED_EDGE('',*,*,#2273,.T.);
#3712=ORIENTED_EDGE('',*,*,#2074,.F.);
#3713=ORIENTED_EDGE('',*,*,#2061,.F.);
#3715=ORIENTED_EDGE('',*,*,#3714,.T.);
#3716=EDGE_LOOP('',(#3711,#3712,#3713,#3715));
#3717=FACE_OUTER_BOUND('',#3716,.F.);
#3718=ORIENTED_EDGE('',*,*,#3610,.T.);
#3720=ORIENTED_EDGE('',*,*,#3719,.T.);
#3721=ORIENTED_EDGE('',*,*,#3662,.F.);
#3723=ORIENTED_EDGE('',*,*,#3722,.F.);
#3724=EDGE_LOOP('',(#3718,#3720,#3721,#3723));
#3725=FACE_BOUND('',#3724,.F.);
#3726=ADVANCED_FACE('',(#3717,#3725),#3710,.F.);
#3727=CARTESIAN_POINT('',(2.675E-1,-6.25E-2,1.25E-1));
#3728=DIRECTION('',(1.E0,0.E0,0.E0));
#3729=DIRECTION('',(0.E0,1.E0,0.E0));
#3730=AXIS2_PLACEMENT_3D('',#3727,#3728,#3729);
#3731=PLANE('',#3730);
#3732=ORIENTED_EDGE('',*,*,#2174,.T.);
#3733=ORIENTED_EDGE('',*,*,#2275,.T.);
#3734=ORIENTED_EDGE('',*,*,#3714,.F.);
#3735=ORIENTED_EDGE('',*,*,#2059,.F.);
#3736=EDGE_LOOP('',(#3732,#3733,#3734,#3735));
#3737=FACE_OUTER_BOUND('',#3736,.F.);
#3738=ADVANCED_FACE('',(#3737),#3731,.F.);
#3739=CARTESIAN_POINT('',(2.375E-1,-1.115E-1,-1.25E-2));
#3740=DIRECTION('',(0.E0,0.E0,-1.E0));
#3741=DIRECTION('',(0.E0,1.E0,0.E0));
#3742=AXIS2_PLACEMENT_3D('',#3739,#3740,#3741);
#3743=PLANE('',#3742);
#3744=ORIENTED_EDGE('',*,*,#3719,.F.);
#3745=ORIENTED_EDGE('',*,*,#3624,.F.);
#3747=ORIENTED_EDGE('',*,*,#3746,.T.);
#3748=ORIENTED_EDGE('',*,*,#3664,.T.);
#3749=EDGE_LOOP('',(#3744,#3745,#3747,#3748));
#3750=FACE_OUTER_BOUND('',#3749,.F.);
#3751=ADVANCED_FACE('',(#3750),#3743,.T.);
#3752=CARTESIAN_POINT('',(2.375E-1,-1.115E-1,5.85E-2));
#3753=DIRECTION('',(1.E0,0.E0,0.E0));
#3754=DIRECTION('',(0.E0,0.E0,-1.E0));
#3755=AXIS2_PLACEMENT_3D('',#3752,#3753,#3754);
#3756=CYLINDRICAL_SURFACE('',#3755,7.1E-2);
#3757=ORIENTED_EDGE('',*,*,#3622,.F.);
#3759=ORIENTED_EDGE('',*,*,#3758,.T.);
#3760=ORIENTED_EDGE('',*,*,#3666,.T.);
#3761=ORIENTED_EDGE('',*,*,#3746,.F.);
#3762=EDGE_LOOP('',(#3757,#3759,#3760,#3761));
#3763=FACE_OUTER_BOUND('',#3762,.F.);
#3764=ADVANCED_FACE('',(#3763),#3756,.T.);
#3765=CARTESIAN_POINT('',(2.375E-1,-1.825E-1,2.66E-1));
#3766=DIRECTION('',(0.E0,-1.E0,0.E0));
#3767=DIRECTION('',(0.E0,0.E0,-1.E0));
#3768=AXIS2_PLACEMENT_3D('',#3765,#3766,#3767);
#3769=PLANE('',#3768);
#3770=ORIENTED_EDGE('',*,*,#3620,.F.);
#3772=ORIENTED_EDGE('',*,*,#3771,.T.);
#3773=ORIENTED_EDGE('',*,*,#3668,.T.);
#3774=ORIENTED_EDGE('',*,*,#3758,.F.);
#3775=EDGE_LOOP('',(#3770,#3772,#3773,#3774));
#3776=FACE_OUTER_BOUND('',#3775,.F.);
#3777=ADVANCED_FACE('',(#3776),#3769,.T.);
#3778=CARTESIAN_POINT('',(2.375E-1,-1.575E-1,2.66E-1));
#3779=DIRECTION('',(0.E0,0.E0,1.E0));
#3780=DIRECTION('',(0.E0,-1.E0,0.E0));
#3781=AXIS2_PLACEMENT_3D('',#3778,#3779,#3780);
#3782=PLANE('',#3781);
#3783=ORIENTED_EDGE('',*,*,#3618,.F.);
#3785=ORIENTED_EDGE('',*,*,#3784,.T.);
#3786=ORIENTED_EDGE('',*,*,#3670,.T.);
#3787=ORIENTED_EDGE('',*,*,#3771,.F.);
#3788=EDGE_LOOP('',(#3783,#3785,#3786,#3787));
#3789=FACE_OUTER_BOUND('',#3788,.F.);
#3790=ADVANCED_FACE('',(#3789),#3782,.T.);
#3791=CARTESIAN_POINT('',(2.375E-1,-1.575E-1,5.85E-2));
#3792=DIRECTION('',(0.E0,1.E0,0.E0));
#3793=DIRECTION('',(0.E0,0.E0,1.E0));
#3794=AXIS2_PLACEMENT_3D('',#3791,#3792,#3793);
#3795=PLANE('',#3794);
#3796=ORIENTED_EDGE('',*,*,#3616,.F.);
#3798=ORIENTED_EDGE('',*,*,#3797,.T.);
#3799=ORIENTED_EDGE('',*,*,#3672,.T.);
#3800=ORIENTED_EDGE('',*,*,#3784,.F.);
#3801=EDGE_LOOP('',(#3796,#3798,#3799,#3800));
#3802=FACE_OUTER_BOUND('',#3801,.F.);
#3803=ADVANCED_FACE('',(#3802),#3795,.T.);
#3804=CARTESIAN_POINT('',(2.375E-1,-1.115E-1,5.85E-2));
#3805=DIRECTION('',(1.E0,0.E0,0.E0));
#3806=DIRECTION('',(0.E0,0.E0,-1.E0));
#3807=AXIS2_PLACEMENT_3D('',#3804,#3805,#3806);
#3808=CYLINDRICAL_SURFACE('',#3807,4.6E-2);
#3809=ORIENTED_EDGE('',*,*,#3614,.F.);
#3811=ORIENTED_EDGE('',*,*,#3810,.T.);
#3812=ORIENTED_EDGE('',*,*,#3674,.T.);
#3813=ORIENTED_EDGE('',*,*,#3797,.F.);
#3814=EDGE_LOOP('',(#3809,#3811,#3812,#3813));
#3815=FACE_OUTER_BOUND('',#3814,.F.);
#3816=ADVANCED_FACE('',(#3815),#3808,.F.);
#3817=CARTESIAN_POINT('',(2.375E-1,-3.75E-2,1.25E-2));
#3818=DIRECTION('',(0.E0,0.E0,1.E0));
#3819=DIRECTION('',(0.E0,-1.E0,0.E0));
#3820=AXIS2_PLACEMENT_3D('',#3817,#3818,#3819);
#3821=PLANE('',#3820);
#3822=ORIENTED_EDGE('',*,*,#3722,.T.);
#3823=ORIENTED_EDGE('',*,*,#3676,.T.);
#3824=ORIENTED_EDGE('',*,*,#3810,.F.);
#3825=ORIENTED_EDGE('',*,*,#3612,.F.);
#3826=EDGE_LOOP('',(#3822,#3823,#3824,#3825));
#3827=FACE_OUTER_BOUND('',#3826,.F.);
#3828=ADVANCED_FACE('',(#3827),#3821,.T.);
#3829=CARTESIAN_POINT('',(-2.5E-1,1.025E-1,-9.E-2));
#3830=DIRECTION('',(0.E0,0.E0,1.E0));
#3831=DIRECTION('',(0.E0,-1.E0,0.E0));
#3832=AXIS2_PLACEMENT_3D('',#3829,#3830,#3831);
#3833=PLANE('',#3832);
#3835=ORIENTED_EDGE('',*,*,#3834,.T.);
#3836=ORIENTED_EDGE('',*,*,#2296,.F.);
#3838=ORIENTED_EDGE('',*,*,#3837,.F.);
#3840=ORIENTED_EDGE('',*,*,#3839,.T.);
#3841=EDGE_LOOP('',(#3835,#3836,#3838,#3840));
#3842=FACE_OUTER_BOUND('',#3841,.F.);
#3843=ADVANCED_FACE('',(#3842),#3833,.T.);
#3844=CARTESIAN_POINT('',(-2.5E-1,1.025E-1,-9.E-2));
#3845=DIRECTION('',(0.E0,0.E0,1.E0));
#3846=DIRECTION('',(0.E0,-1.E0,0.E0));
#3847=AXIS2_PLACEMENT_3D('',#3844,#3845,#3846);
#3848=PLANE('',#3847);
#3850=ORIENTED_EDGE('',*,*,#3849,.F.);
#3852=ORIENTED_EDGE('',*,*,#3851,.T.);
#3854=ORIENTED_EDGE('',*,*,#3853,.T.);
#3855=ORIENTED_EDGE('',*,*,#2303,.F.);
#3856=EDGE_LOOP('',(#3850,#3852,#3854,#3855));
#3857=FACE_OUTER_BOUND('',#3856,.F.);
#3858=ADVANCED_FACE('',(#3857),#3848,.T.);
#3859=CARTESIAN_POINT('',(8.3E-2,2.595E-1,-1.25E-1));
#3860=DIRECTION('',(-1.E0,0.E0,0.E0));
#3861=DIRECTION('',(0.E0,0.E0,1.E0));
#3862=AXIS2_PLACEMENT_3D('',#3859,#3860,#3861);
#3863=PLANE('',#3862);
#3864=ORIENTED_EDGE('',*,*,#2229,.T.);
#3865=ORIENTED_EDGE('',*,*,#2298,.T.);
#3866=ORIENTED_EDGE('',*,*,#3834,.F.);
#3868=ORIENTED_EDGE('',*,*,#3867,.F.);
#3870=ORIENTED_EDGE('',*,*,#3869,.F.);
#3872=ORIENTED_EDGE('',*,*,#3871,.F.);
#3874=ORIENTED_EDGE('',*,*,#3873,.F.);
#3875=EDGE_LOOP('',(#3864,#3865,#3866,#3868,#3870,#3872,#3874));
#3876=FACE_OUTER_BOUND('',#3875,.F.);
#3877=ADVANCED_FACE('',(#3876),#3863,.F.);
#3878=CARTESIAN_POINT('',(-2.5E-1,1.325E-1,-5.45E-2));
#3879=DIRECTION('',(0.E0,-7.637941823954E-1,6.454598724468E-1));
#3880=DIRECTION('',(0.E0,-6.454598724468E-1,-7.637941823954E-1));
#3881=AXIS2_PLACEMENT_3D('',#3878,#3879,#3880);
#3882=PLANE('',#3881);
#3883=ORIENTED_EDGE('',*,*,#3867,.T.);
#3884=ORIENTED_EDGE('',*,*,#3839,.F.);
#3886=ORIENTED_EDGE('',*,*,#3885,.F.);
#3888=ORIENTED_EDGE('',*,*,#3887,.T.);
#3889=EDGE_LOOP('',(#3883,#3884,#3886,#3888));
#3890=FACE_OUTER_BOUND('',#3889,.F.);
#3891=ADVANCED_FACE('',(#3890),#3882,.T.);
#3892=CARTESIAN_POINT('',(-2.5E-1,1.325E-1,-5.45E-2));
#3893=DIRECTION('',(0.E0,-7.637941823954E-1,6.454598724468E-1));
#3894=DIRECTION('',(0.E0,-6.454598724468E-1,-7.637941823954E-1));
#3895=AXIS2_PLACEMENT_3D('',#3892,#3893,#3894);
#3896=PLANE('',#3895);
#3898=ORIENTED_EDGE('',*,*,#3897,.F.);
#3900=ORIENTED_EDGE('',*,*,#3899,.T.);
#3902=ORIENTED_EDGE('',*,*,#3901,.T.);
#3903=ORIENTED_EDGE('',*,*,#3851,.F.);
#3904=EDGE_LOOP('',(#3898,#3900,#3902,#3903));
#3905=FACE_OUTER_BOUND('',#3904,.F.);
#3906=ADVANCED_FACE('',(#3905),#3896,.T.);
#3907=CARTESIAN_POINT('',(-2.5E-1,0.E0,0.E0));
#3908=DIRECTION('',(1.E0,0.E0,0.E0));
#3909=DIRECTION('',(0.E0,0.E0,-1.E0));
#3910=AXIS2_PLACEMENT_3D('',#3907,#3908,#3909);
#3911=PLANE('',#3910);
#3912=ORIENTED_EDGE('',*,*,#2313,.F.);
#3913=ORIENTED_EDGE('',*,*,#2233,.T.);
#3915=ORIENTED_EDGE('',*,*,#3914,.T.);
#3917=ORIENTED_EDGE('',*,*,#3916,.T.);
#3919=ORIENTED_EDGE('',*,*,#3918,.T.);
#3920=ORIENTED_EDGE('',*,*,#3885,.T.);
#3921=ORIENTED_EDGE('',*,*,#3837,.T.);
#3922=EDGE_LOOP('',(#3912,#3913,#3915,#3917,#3919,#3920,#3921));
#3923=FACE_OUTER_BOUND('',#3922,.F.);
#3924=ADVANCED_FACE('',(#3923),#3911,.F.);
#3925=CARTESIAN_POINT('',(-2.5E-1,2.595E-1,-1.25E-1));
#3926=DIRECTION('',(0.E0,1.E0,0.E0));
#3927=DIRECTION('',(0.E0,0.E0,1.E0));
#3928=AXIS2_PLACEMENT_3D('',#3925,#3926,#3927);
#3929=PLANE('',#3928);
#3930=ORIENTED_EDGE('',*,*,#3873,.T.);
#3932=ORIENTED_EDGE('',*,*,#3931,.F.);
#3933=ORIENTED_EDGE('',*,*,#3914,.F.);
#3934=ORIENTED_EDGE('',*,*,#2231,.T.);
#3935=EDGE_LOOP('',(#3930,#3932,#3933,#3934));
#3936=FACE_OUTER_BOUND('',#3935,.F.);
#3937=ADVANCED_FACE('',(#3936),#3929,.T.);
#3938=CARTESIAN_POINT('',(-2.5E-1,2.595E-1,-1.25E-1));
#3939=DIRECTION('',(0.E0,1.E0,0.E0));
#3940=DIRECTION('',(0.E0,0.E0,1.E0));
#3941=AXIS2_PLACEMENT_3D('',#3938,#3939,#3940);
#3942=PLANE('',#3941);
#3944=ORIENTED_EDGE('',*,*,#3943,.F.);
#3945=ORIENTED_EDGE('',*,*,#2284,.T.);
#3947=ORIENTED_EDGE('',*,*,#3946,.T.);
#3949=ORIENTED_EDGE('',*,*,#3948,.F.);
#3950=EDGE_LOOP('',(#3944,#3945,#3947,#3949));
#3951=FACE_OUTER_BOUND('',#3950,.F.);
#3952=ADVANCED_FACE('',(#3951),#3942,.T.);
#3953=CARTESIAN_POINT('',(-2.5E-1,2.595E-1,-9.675352112676E-2));
#3954=DIRECTION('',(0.E0,6.454598724468E-1,7.637941823954E-1));
#3955=DIRECTION('',(0.E0,-7.637941823954E-1,6.454598724468E-1));
#3956=AXIS2_PLACEMENT_3D('',#3953,#3954,#3955);
#3957=PLANE('',#3956);
#3958=ORIENTED_EDGE('',*,*,#3871,.T.);
#3960=ORIENTED_EDGE('',*,*,#3959,.F.);
#3961=ORIENTED_EDGE('',*,*,#3916,.F.);
#3962=ORIENTED_EDGE('',*,*,#3931,.T.);
#3963=EDGE_LOOP('',(#3958,#3960,#3961,#3962));
#3964=FACE_OUTER_BOUND('',#3963,.F.);
#3965=ADVANCED_FACE('',(#3964),#3957,.T.);
#3966=CARTESIAN_POINT('',(-2.5E-1,2.595E-1,-9.675352112676E-2));
#3967=DIRECTION('',(0.E0,6.454598724468E-1,7.637941823954E-1));
#3968=DIRECTION('',(0.E0,-7.637941823954E-1,6.454598724468E-1));
#3969=AXIS2_PLACEMENT_3D('',#3966,#3967,#3968);
#3970=PLANE('',#3969);
#3972=ORIENTED_EDGE('',*,*,#3971,.F.);
#3973=ORIENTED_EDGE('',*,*,#3948,.T.);
#3975=ORIENTED_EDGE('',*,*,#3974,.T.);
#3977=ORIENTED_EDGE('',*,*,#3976,.F.);
#3978=EDGE_LOOP('',(#3972,#3973,#3975,#3977));
#3979=FACE_OUTER_BOUND('',#3978,.F.);
#3980=ADVANCED_FACE('',(#3979),#3970,.T.);
#3981=CARTESIAN_POINT('',(-2.5E-1,2.095E-1,-5.45E-2));
#3982=DIRECTION('',(0.E0,0.E0,1.E0));
#3983=DIRECTION('',(0.E0,-1.E0,0.E0));
#3984=AXIS2_PLACEMENT_3D('',#3981,#3982,#3983);
#3985=PLANE('',#3984);
#3986=ORIENTED_EDGE('',*,*,#3869,.T.);
#3987=ORIENTED_EDGE('',*,*,#3887,.F.);
#3988=ORIENTED_EDGE('',*,*,#3918,.F.);
#3989=ORIENTED_EDGE('',*,*,#3959,.T.);
#3990=EDGE_LOOP('',(#3986,#3987,#3988,#3989));
#3991=FACE_OUTER_BOUND('',#3990,.F.);
#3992=ADVANCED_FACE('',(#3991),#3985,.T.);
#3993=CARTESIAN_POINT('',(-2.5E-1,2.095E-1,-5.45E-2));
#3994=DIRECTION('',(0.E0,0.E0,1.E0));
#3995=DIRECTION('',(0.E0,-1.E0,0.E0));
#3996=AXIS2_PLACEMENT_3D('',#3993,#3994,#3995);
#3997=PLANE('',#3996);
#3999=ORIENTED_EDGE('',*,*,#3998,.F.);
#4000=ORIENTED_EDGE('',*,*,#3976,.T.);
#4002=ORIENTED_EDGE('',*,*,#4001,.T.);
#4003=ORIENTED_EDGE('',*,*,#3899,.F.);
#4004=EDGE_LOOP('',(#3999,#4000,#4002,#4003));
#4005=FACE_OUTER_BOUND('',#4004,.F.);
#4006=ADVANCED_FACE('',(#4005),#3997,.T.);
#4007=CARTESIAN_POINT('',(1.23E-1,2.595E-1,-5.45E-2));
#4008=DIRECTION('',(1.E0,0.E0,0.E0));
#4009=DIRECTION('',(0.E0,0.E0,-1.E0));
#4010=AXIS2_PLACEMENT_3D('',#4007,#4008,#4009);
#4011=PLANE('',#4010);
#4012=ORIENTED_EDGE('',*,*,#2286,.F.);
#4013=ORIENTED_EDGE('',*,*,#3943,.T.);
#4014=ORIENTED_EDGE('',*,*,#3971,.T.);
#4015=ORIENTED_EDGE('',*,*,#3998,.T.);
#4016=ORIENTED_EDGE('',*,*,#3897,.T.);
#4017=ORIENTED_EDGE('',*,*,#3849,.T.);
#4018=ORIENTED_EDGE('',*,*,#2301,.T.);
#4019=EDGE_LOOP('',(#4012,#4013,#4014,#4015,#4016,#4017,#4018));
#4020=FACE_OUTER_BOUND('',#4019,.F.);
#4021=ADVANCED_FACE('',(#4020),#4011,.F.);
#4022=CARTESIAN_POINT('',(2.5E-1,0.E0,0.E0));
#4023=DIRECTION('',(1.E0,0.E0,0.E0));
#4024=DIRECTION('',(0.E0,0.E0,-1.E0));
#4025=AXIS2_PLACEMENT_3D('',#4022,#4023,#4024);
#4026=PLANE('',#4025);
#4027=ORIENTED_EDGE('',*,*,#2305,.T.);
#4028=ORIENTED_EDGE('',*,*,#3853,.F.);
#4029=ORIENTED_EDGE('',*,*,#3901,.F.);
#4030=ORIENTED_EDGE('',*,*,#4001,.F.);
#4031=ORIENTED_EDGE('',*,*,#3974,.F.);
#4032=ORIENTED_EDGE('',*,*,#3946,.F.);
#4033=ORIENTED_EDGE('',*,*,#2282,.F.);
#4034=EDGE_LOOP('',(#4027,#4028,#4029,#4030,#4031,#4032,#4033));
#4035=FACE_OUTER_BOUND('',#4034,.F.);
#4036=ADVANCED_FACE('',(#4035),#4026,.T.);
#4037=CARTESIAN_POINT('',(2.97E-1,0.E0,0.E0));
#4038=DIRECTION('',(1.E0,0.E0,0.E0));
#4039=DIRECTION('',(0.E0,0.E0,-1.E0));
#4040=AXIS2_PLACEMENT_3D('',#4037,#4038,#4039);
#4041=PLANE('',#4040);
#4042=ORIENTED_EDGE('',*,*,#2055,.F.);
#4043=ORIENTED_EDGE('',*,*,#2308,.F.);
#4044=ORIENTED_EDGE('',*,*,#2278,.F.);
#4045=ORIENTED_EDGE('',*,*,#2177,.F.);
#4046=EDGE_LOOP('',(#4042,#4043,#4044,#4045));
#4047=FACE_OUTER_BOUND('',#4046,.F.);
#4049=ORIENTED_EDGE('',*,*,#4048,.T.);
#4051=ORIENTED_EDGE('',*,*,#4050,.T.);
#4053=ORIENTED_EDGE('',*,*,#4052,.F.);
#4055=ORIENTED_EDGE('',*,*,#4054,.F.);
#4056=EDGE_LOOP('',(#4049,#4051,#4053,#4055));
#4057=FACE_BOUND('',#4056,.F.);
#4058=ADVANCED_FACE('',(#4047,#4057),#4041,.T.);
#4059=CARTESIAN_POINT('',(0.E0,0.E0,-9.E-2));
#4060=DIRECTION('',(0.E0,0.E0,1.E0));
#4061=DIRECTION('',(1.E0,0.E0,0.E0));
#4062=AXIS2_PLACEMENT_3D('',#4059,#4060,#4061);
#4063=PLANE('',#4062);
#4064=ORIENTED_EDGE('',*,*,#1992,.T.);
#4066=ORIENTED_EDGE('',*,*,#4065,.F.);
#4068=ORIENTED_EDGE('',*,*,#4067,.T.);
#4070=ORIENTED_EDGE('',*,*,#4069,.F.);
#4071=EDGE_LOOP('',(#4064,#4066,#4068,#4070));
#4072=FACE_OUTER_BOUND('',#4071,.F.);
#4073=ADVANCED_FACE('',(#4072),#4063,.T.);
#4074=CARTESIAN_POINT('',(0.E0,0.E0,-9.E-2));
#4075=DIRECTION('',(0.E0,0.E0,1.E0));
#4076=DIRECTION('',(1.E0,0.E0,0.E0));
#4077=AXIS2_PLACEMENT_3D('',#4074,#4075,#4076);
#4078=PLANE('',#4077);
#4079=ORIENTED_EDGE('',*,*,#4048,.F.);
#4081=ORIENTED_EDGE('',*,*,#4080,.F.);
#4083=ORIENTED_EDGE('',*,*,#4082,.T.);
#4085=ORIENTED_EDGE('',*,*,#4084,.F.);
#4086=EDGE_LOOP('',(#4079,#4081,#4083,#4085));
#4087=FACE_OUTER_BOUND('',#4086,.F.);
#4088=ADVANCED_FACE('',(#4087),#4078,.T.);
#4089=CARTESIAN_POINT('',(-2.87E-1,2.5E-2,-9.E-2));
#4090=DIRECTION('',(4.472135955E-1,8.944271909999E-1,0.E0));
#4091=DIRECTION('',(-8.944271909999E-1,4.472135955E-1,0.E0));
#4092=AXIS2_PLACEMENT_3D('',#4089,#4090,#4091);
#4093=PLANE('',#4092);
#4094=ORIENTED_EDGE('',*,*,#1998,.T.);
#4096=ORIENTED_EDGE('',*,*,#4095,.F.);
#4098=ORIENTED_EDGE('',*,*,#4097,.T.);
#4099=ORIENTED_EDGE('',*,*,#4065,.T.);
#4100=EDGE_LOOP('',(#4094,#4096,#4098,#4099));
#4101=FACE_OUTER_BOUND('',#4100,.F.);
#4102=ADVANCED_FACE('',(#4101),#4093,.F.);
#4103=CARTESIAN_POINT('',(0.E0,0.E0,9.E-2));
#4104=DIRECTION('',(0.E0,0.E0,1.E0));
#4105=DIRECTION('',(1.E0,0.E0,0.E0));
#4106=AXIS2_PLACEMENT_3D('',#4103,#4104,#4105);
#4107=PLANE('',#4106);
#4108=ORIENTED_EDGE('',*,*,#1996,.F.);
#4110=ORIENTED_EDGE('',*,*,#4109,.T.);
#4112=ORIENTED_EDGE('',*,*,#4111,.F.);
#4113=ORIENTED_EDGE('',*,*,#4095,.T.);
#4114=EDGE_LOOP('',(#4108,#4110,#4112,#4113));
#4115=FACE_OUTER_BOUND('',#4114,.F.);
#4116=ADVANCED_FACE('',(#4115),#4107,.F.);
#4117=CARTESIAN_POINT('',(0.E0,0.E0,9.E-2));
#4118=DIRECTION('',(0.E0,0.E0,1.E0));
#4119=DIRECTION('',(1.E0,0.E0,0.E0));
#4120=AXIS2_PLACEMENT_3D('',#4117,#4118,#4119);
#4121=PLANE('',#4120);
#4122=ORIENTED_EDGE('',*,*,#4052,.T.);
#4124=ORIENTED_EDGE('',*,*,#4123,.T.);
#4126=ORIENTED_EDGE('',*,*,#4125,.F.);
#4128=ORIENTED_EDGE('',*,*,#4127,.T.);
#4129=EDGE_LOOP('',(#4122,#4124,#4126,#4128));
#4130=FACE_OUTER_BOUND('',#4129,.F.);
#4131=ADVANCED_FACE('',(#4130),#4121,.F.);
#4132=CARTESIAN_POINT('',(-2.97E-1,-1.E-2,-9.E-2));
#4133=DIRECTION('',(4.472135955E-1,-8.944271909999E-1,0.E0));
#4134=DIRECTION('',(8.944271909999E-1,4.472135955E-1,0.E0));
#4135=AXIS2_PLACEMENT_3D('',#4132,#4133,#4134);
#4136=PLANE('',#4135);
#4137=ORIENTED_EDGE('',*,*,#1994,.F.);
#4138=ORIENTED_EDGE('',*,*,#4069,.T.);
#4140=ORIENTED_EDGE('',*,*,#4139,.F.);
#4141=ORIENTED_EDGE('',*,*,#4109,.F.);
#4142=EDGE_LOOP('',(#4137,#4138,#4140,#4141));
#4143=FACE_OUTER_BOUND('',#4142,.F.);
#4144=ADVANCED_FACE('',(#4143),#4136,.F.);
#4145=CARTESIAN_POINT('',(-2.87E-1,-5.E-3,-9.E-2));
#4146=DIRECTION('',(1.E0,0.E0,0.E0));
#4147=DIRECTION('',(0.E0,1.E0,0.E0));
#4148=AXIS2_PLACEMENT_3D('',#4145,#4146,#4147);
#4149=PLANE('',#4148);
#4150=ORIENTED_EDGE('',*,*,#4067,.F.);
#4151=ORIENTED_EDGE('',*,*,#4097,.F.);
#4152=ORIENTED_EDGE('',*,*,#4111,.T.);
#4153=ORIENTED_EDGE('',*,*,#4139,.T.);
#4154=EDGE_LOOP('',(#4150,#4151,#4152,#4153));
#4155=FACE_OUTER_BOUND('',#4154,.F.);
#4156=ADVANCED_FACE('',(#4155),#4149,.F.);
#4157=CARTESIAN_POINT('',(2.97E-1,3.E-2,-9.E-2));
#4158=DIRECTION('',(-4.472135955E-1,8.944271909999E-1,0.E0));
#4159=DIRECTION('',(-8.944271909999E-1,-4.472135955E-1,0.E0));
#4160=AXIS2_PLACEMENT_3D('',#4157,#4158,#4159);
#4161=PLANE('',#4160);
#4162=ORIENTED_EDGE('',*,*,#4050,.F.);
#4163=ORIENTED_EDGE('',*,*,#4084,.T.);
#4165=ORIENTED_EDGE('',*,*,#4164,.F.);
#4166=ORIENTED_EDGE('',*,*,#4123,.F.);
#4167=EDGE_LOOP('',(#4162,#4163,#4165,#4166));
#4168=FACE_OUTER_BOUND('',#4167,.F.);
#4169=ADVANCED_FACE('',(#4168),#4161,.F.);
#4170=CARTESIAN_POINT('',(2.87E-1,2.5E-2,-9.E-2));
#4171=DIRECTION('',(-1.E0,0.E0,0.E0));
#4172=DIRECTION('',(0.E0,-1.E0,0.E0));
#4173=AXIS2_PLACEMENT_3D('',#4170,#4171,#4172);
#4174=PLANE('',#4173);
#4175=ORIENTED_EDGE('',*,*,#4082,.F.);
#4177=ORIENTED_EDGE('',*,*,#4176,.F.);
#4178=ORIENTED_EDGE('',*,*,#4125,.T.);
#4179=ORIENTED_EDGE('',*,*,#4164,.T.);
#4180=EDGE_LOOP('',(#4175,#4177,#4178,#4179));
#4181=FACE_OUTER_BOUND('',#4180,.F.);
#4182=ADVANCED_FACE('',(#4181),#4174,.F.);
#4183=CARTESIAN_POINT('',(2.87E-1,-5.E-3,-9.E-2));
#4184=DIRECTION('',(-4.472135955E-1,-8.944271909999E-1,0.E0));
#4185=DIRECTION('',(8.944271909999E-1,-4.472135955E-1,0.E0));
#4186=AXIS2_PLACEMENT_3D('',#4183,#4184,#4185);
#4187=PLANE('',#4186);
#4188=ORIENTED_EDGE('',*,*,#4054,.T.);
#4189=ORIENTED_EDGE('',*,*,#4127,.F.);
#4190=ORIENTED_EDGE('',*,*,#4176,.T.);
#4191=ORIENTED_EDGE('',*,*,#4080,.T.);
#4192=EDGE_LOOP('',(#4188,#4189,#4190,#4191));
#4193=FACE_OUTER_BOUND('',#4192,.F.);
#4194=ADVANCED_FACE('',(#4193),#4187,.F.);
#4195=CARTESIAN_POINT('',(-2.325E-1,-6.25E-2,1.25E-1));
#4196=DIRECTION('',(1.E0,0.E0,0.E0));
#4197=DIRECTION('',(0.E0,1.E0,0.E0));
#4198=AXIS2_PLACEMENT_3D('',#4195,#4196,#4197);
#4199=PLANE('',#4198);
#4200=ORIENTED_EDGE('',*,*,#2104,.T.);
#4201=ORIENTED_EDGE('',*,*,#2241,.T.);
#4202=ORIENTED_EDGE('',*,*,#2207,.F.);
#4203=ORIENTED_EDGE('',*,*,#2044,.F.);
#4204=EDGE_LOOP('',(#4200,#4201,#4202,#4203));
#4205=FACE_OUTER_BOUND('',#4204,.F.);
#4206=ADVANCED_FACE('',(#4205),#4199,.F.);
#4207=CLOSED_SHELL('',(#2002,#2065,#2080,#2094,#2109,#2124,#2139,#2154,#2168,
#2183,#2197,#2221,#2290,#2377,#2392,#2415,#2429,#2443,#2466,#2479,#2491,#2504,
#2517,#2530,#2543,#2556,#2569,#2581,#2596,#2620,#2634,#2648,#2672,#2685,#2697,
#2719,#2731,#2743,#2756,#2769,#2782,#2795,#2808,#2821,#2833,#2848,#2872,#2886,
#2900,#2924,#2937,#2949,#2971,#2983,#2995,#3008,#3021,#3034,#3047,#3060,#3073,
#3085,#3100,#3124,#3138,#3152,#3176,#3189,#3201,#3223,#3235,#3247,#3260,#3273,
#3286,#3299,#3312,#3325,#3337,#3352,#3376,#3390,#3404,#3428,#3441,#3453,#3475,
#3487,#3499,#3512,#3525,#3538,#3551,#3564,#3577,#3589,#3604,#3628,#3642,#3656,
#3680,#3693,#3705,#3726,#3738,#3751,#3764,#3777,#3790,#3803,#3816,#3828,#3843,
#3858,#3877,#3891,#3906,#3924,#3937,#3952,#3965,#3980,#3992,#4006,#4021,#4036,
#4058,#4073,#4088,#4102,#4116,#4131,#4144,#4156,#4169,#4182,#4194,#4206));
#4208=MANIFOLD_SOLID_BREP('',#4207);
#4209=CARTESIAN_POINT('',(0.E0,0.E0,0.E0));
#4210=DIRECTION('',(0.E0,0.E0,1.E0));
#4211=DIRECTION('',(1.E0,0.E0,0.E0));
#4212=AXIS2_PLACEMENT_3D('CSYS',#4209,#4210,#4211);
#4213=CARTESIAN_POINT('',(-2.5E-1,-1.7E-1,1.25E-1));
#4214=DIRECTION('',(0.E0,0.E0,1.E0));
#4215=DIRECTION('',(1.E0,0.E0,0.E0));
#4216=AXIS2_PLACEMENT_3D('',#4213,#4214,#4215);
#4220=CARTESIAN_POINT('',(-2.5E-1,-1.7E-1,1.25E-1));
#4221=DIRECTION('',(0.E0,0.E0,1.E0));
#4222=DIRECTION('',(-1.E0,0.E0,0.E0));
#4223=AXIS2_PLACEMENT_3D('',#4220,#4221,#4222);
#4229=CARTESIAN_POINT('',(-1.5E-1,-1.7E-1,1.25E-1));
#4230=DIRECTION('',(0.E0,0.E0,1.E0));
#4231=DIRECTION('',(1.E0,0.E0,0.E0));
#4232=AXIS2_PLACEMENT_3D('',#4229,#4230,#4231);
#4236=CARTESIAN_POINT('',(-1.5E-1,-1.7E-1,1.25E-1));
#4237=DIRECTION('',(0.E0,0.E0,1.E0));
#4238=DIRECTION('',(-1.E0,0.E0,0.E0));
#4239=AXIS2_PLACEMENT_3D('',#4236,#4237,#4238);
#4244=CARTESIAN_POINT('',(-5.E-2,-1.7E-1,1.25E-1));
#4245=DIRECTION('',(0.E0,0.E0,1.E0));
#4246=DIRECTION('',(1.E0,0.E0,0.E0));
#4247=AXIS2_PLACEMENT_3D('',#4244,#4245,#4246);
#4251=CARTESIAN_POINT('',(-5.E-2,-1.7E-1,1.25E-1));
#4252=DIRECTION('',(0.E0,0.E0,1.E0));
#4253=DIRECTION('',(-1.E0,0.E0,0.E0));
#4254=AXIS2_PLACEMENT_3D('',#4251,#4252,#4253);
#4259=CARTESIAN_POINT('',(5.E-2,-1.7E-1,1.25E-1));
#4260=DIRECTION('',(0.E0,0.E0,1.E0));
#4261=DIRECTION('',(1.E0,0.E0,0.E0));
#4262=AXIS2_PLACEMENT_3D('',#4259,#4260,#4261);
#4266=CARTESIAN_POINT('',(5.E-2,-1.7E-1,1.25E-1));
#4267=DIRECTION('',(0.E0,0.E0,1.E0));
#4268=DIRECTION('',(-1.E0,0.E0,0.E0));
#4269=AXIS2_PLACEMENT_3D('',#4266,#4267,#4268);
#4274=CARTESIAN_POINT('',(1.5E-1,-1.7E-1,1.25E-1));
#4275=DIRECTION('',(0.E0,0.E0,1.E0));
#4276=DIRECTION('',(1.E0,0.E0,0.E0));
#4277=AXIS2_PLACEMENT_3D('',#4274,#4275,#4276);
#4281=CARTESIAN_POINT('',(1.5E-1,-1.7E-1,1.25E-1));
#4282=DIRECTION('',(0.E0,0.E0,1.E0));
#4283=DIRECTION('',(-1.E0,0.E0,0.E0));
#4284=AXIS2_PLACEMENT_3D('',#4281,#4282,#4283);
#4289=CARTESIAN_POINT('',(2.5E-1,-1.7E-1,1.25E-1));
#4290=DIRECTION('',(0.E0,0.E0,1.E0));
#4291=DIRECTION('',(1.E0,0.E0,0.E0));
#4292=AXIS2_PLACEMENT_3D('',#4289,#4290,#4291);
#4296=CARTESIAN_POINT('',(2.5E-1,-1.7E-1,1.25E-1));
#4297=DIRECTION('',(0.E0,0.E0,1.E0));
#4298=DIRECTION('',(-1.E0,0.E0,0.E0));
#4299=AXIS2_PLACEMENT_3D('',#4296,#4297,#4298);
#4304=CARTESIAN_POINT('',(-2.E-1,-1.7E-1,2.66E-1));
#4305=DIRECTION('',(0.E0,0.E0,1.E0));
#4306=DIRECTION('',(1.E0,0.E0,0.E0));
#4307=AXIS2_PLACEMENT_3D('CKT_1',#4304,#4305,#4306);
#4308=DIMENSIONAL_EXPONENTS(1.E0,0.E0,0.E0,0.E0,0.E0,0.E0,0.E0);
#4310=LENGTH_MEASURE_WITH_UNIT(LENGTH_MEASURE(2.54E1),#4309);
#4311=(CONVERSION_BASED_UNIT('INCH',#4310)LENGTH_UNIT()NAMED_UNIT(#4308));
#4312=DIMENSIONAL_EXPONENTS(0.E0,0.E0,0.E0,0.E0,0.E0,0.E0,0.E0);
#4314=PLANE_ANGLE_MEASURE_WITH_UNIT(PLANE_ANGLE_MEASURE(1.745329251994E-2),
#4313);
#4315=(CONVERSION_BASED_UNIT('DEGREE',#4314)NAMED_UNIT(*)PLANE_ANGLE_UNIT());
#4317=UNCERTAINTY_MEASURE_WITH_UNIT(LENGTH_MEASURE(8.783036597464E-5),#4311,
'closure',
'Maximum model space distance between geometric entities at asserted connectivities');
#4318=(GEOMETRIC_REPRESENTATION_CONTEXT(3)GLOBAL_UNCERTAINTY_ASSIGNED_CONTEXT((
#4317))GLOBAL_UNIT_ASSIGNED_CONTEXT((#4311,#4315,#4316))REPRESENTATION_CONTEXT(
'ID1','3'));
#4228=GEOMETRIC_SET('',(#4227,#4243,#4258,#4273,#4288,#4303));
#4322=SHAPE_REPRESENTATION_RELATIONSHIP('','',#4321,#4319);
#4323=SHAPE_REPRESENTATION_RELATIONSHIP('','',#4321,#4320);
#4324=APPLICATION_CONTEXT(
'CONFIGURATION CONTROLLED 3D DESIGNS OF MECHANICAL PARTS AND ASSEMBLIES');
#4325=APPLICATION_PROTOCOL_DEFINITION('international standard',
'config_control_design',1994,#4324);
#4326=DESIGN_CONTEXT('',#4324,'design');
#4327=MECHANICAL_CONTEXT('',#4324,'mechanical');
#4328=PRODUCT('022053061','022053061','NOT SPECIFIED',(#4327));
#4329=PRODUCT_DEFINITION_FORMATION_WITH_SPECIFIED_SOURCE('1','LAST_VERSION',
#4328,.MADE.);
#4333=PRODUCT_CATEGORY('part','');
#4334=PRODUCT_RELATED_PRODUCT_CATEGORY('detail','',(#4328));
#4335=PRODUCT_CATEGORY_RELATIONSHIP('','',#4333,#4334);
#4336=SECURITY_CLASSIFICATION_LEVEL('unclassified');
#4337=SECURITY_CLASSIFICATION('','',#4336);
#4338=CC_DESIGN_SECURITY_CLASSIFICATION(#4337,(#4329));
#4339=APPROVAL_STATUS('approved');
#4340=APPROVAL(#4339,'');
#4341=CC_DESIGN_APPROVAL(#4340,(#4337,#4329,#4330));
#4342=CALENDAR_DATE(113,23,12);
#4343=COORDINATED_UNIVERSAL_TIME_OFFSET(5,30,.AHEAD.);
#4344=LOCAL_TIME(16,25,5.7E1,#4343);
#4345=DATE_AND_TIME(#4342,#4344);
#4346=APPROVAL_DATE_TIME(#4345,#4340);
#4347=DATE_TIME_ROLE('creation_date');
#4348=CC_DESIGN_DATE_AND_TIME_ASSIGNMENT(#4345,#4347,(#4330));
#4349=DATE_TIME_ROLE('classification_date');
#4350=CC_DESIGN_DATE_AND_TIME_ASSIGNMENT(#4345,#4349,(#4337));
#4351=PERSON('UNSPECIFIED','UNSPECIFIED',$,$,$,$);
#4352=ORGANIZATION('UNSPECIFIED','UNSPECIFIED','UNSPECIFIED');
#4353=PERSON_AND_ORGANIZATION(#4351,#4352);
#4354=APPROVAL_ROLE('approver');
#4355=APPROVAL_PERSON_ORGANIZATION(#4353,#4340,#4354);
#4356=PERSON_AND_ORGANIZATION_ROLE('creator');
#4357=CC_DESIGN_PERSON_AND_ORGANIZATION_ASSIGNMENT(#4353,#4356,(#4329,#4330));
#4358=PERSON_AND_ORGANIZATION_ROLE('design_supplier');
#4359=CC_DESIGN_PERSON_AND_ORGANIZATION_ASSIGNMENT(#4353,#4358,(#4329));
#4360=PERSON_AND_ORGANIZATION_ROLE('classification_officer');
#4361=CC_DESIGN_PERSON_AND_ORGANIZATION_ASSIGNMENT(#4353,#4360,(#4337));
#4362=PERSON_AND_ORGANIZATION_ROLE('design_owner');
#4363=CC_DESIGN_PERSON_AND_ORGANIZATION_ASSIGNMENT(#4353,#4362,(#4328));
#477=CIRCLE('',#476,4.6E-2);
#494=CIRCLE('',#493,7.1E-2);
#515=CIRCLE('',#514,7.1E-2);
#532=CIRCLE('',#531,4.6E-2);
#589=CIRCLE('',#588,4.6E-2);
#606=CIRCLE('',#605,7.1E-2);
#631=CIRCLE('',#630,7.1E-2);
#648=CIRCLE('',#647,4.6E-2);
#729=CIRCLE('',#728,4.6E-2);
#746=CIRCLE('',#745,7.1E-2);
#771=CIRCLE('',#770,7.1E-2);
#788=CIRCLE('',#787,4.6E-2);
#869=CIRCLE('',#868,4.6E-2);
#886=CIRCLE('',#885,7.1E-2);
#911=CIRCLE('',#910,7.1E-2);
#928=CIRCLE('',#927,4.6E-2);
#1009=CIRCLE('',#1008,4.6E-2);
#1026=CIRCLE('',#1025,7.1E-2);
#1051=CIRCLE('',#1050,7.1E-2);
#1068=CIRCLE('',#1067,4.6E-2);
#1149=CIRCLE('',#1148,4.6E-2);
#1166=CIRCLE('',#1165,7.1E-2);
#1191=CIRCLE('',#1190,7.1E-2);
#1208=CIRCLE('',#1207,4.6E-2);
#1982=EDGE_CURVE('',#1491,#1492,#4,.T.);
#1984=EDGE_CURVE('',#1492,#1494,#8,.T.);
#1986=EDGE_CURVE('',#1494,#1496,#12,.T.);
#1988=EDGE_CURVE('',#1496,#1491,#16,.T.);
#1992=EDGE_CURVE('',#1963,#1964,#20,.T.);
#1994=EDGE_CURVE('',#1963,#1967,#24,.T.);
#1996=EDGE_CURVE('',#1967,#1968,#28,.T.);
#1998=EDGE_CURVE('',#1964,#1968,#32,.T.);
#2008=EDGE_CURVE('',#1647,#1658,#36,.T.);
#2010=EDGE_CURVE('',#1635,#1647,#180,.T.);
#2012=EDGE_CURVE('',#1635,#1644,#40,.T.);
#2014=EDGE_CURVE('',#1644,#1642,#44,.T.);
#2016=EDGE_CURVE('',#1631,#1642,#48,.T.);
#2018=EDGE_CURVE('',#1619,#1631,#168,.T.);
#2020=EDGE_CURVE('',#1619,#1628,#52,.T.);
#2022=EDGE_CURVE('',#1628,#1626,#56,.T.);
#2024=EDGE_CURVE('',#1615,#1626,#60,.T.);
#2026=EDGE_CURVE('',#1603,#1615,#156,.T.);
#2028=EDGE_CURVE('',#1603,#1612,#64,.T.);
#2030=EDGE_CURVE('',#1612,#1610,#68,.T.);
#2032=EDGE_CURVE('',#1599,#1610,#72,.T.);
#2034=EDGE_CURVE('',#1587,#1599,#144,.T.);
#2036=EDGE_CURVE('',#1587,#1596,#76,.T.);
#2038=EDGE_CURVE('',#1596,#1594,#80,.T.);
#2040=EDGE_CURVE('',#1583,#1594,#84,.T.);
#2042=EDGE_CURVE('',#1571,#1583,#132,.T.);
#2044=EDGE_CURVE('',#1571,#1580,#88,.T.);
#2046=EDGE_CURVE('',#1580,#1578,#92,.T.);
#2048=EDGE_CURVE('',#1567,#1578,#96,.T.);
#2050=EDGE_CURVE('',#1492,#1567,#120,.T.);
#2053=EDGE_CURVE('',#1491,#1499,#100,.T.);
#2055=EDGE_CURVE('',#1499,#1500,#1396,.T.);
#2057=EDGE_CURVE('',#1651,#1500,#188,.T.);
#2059=EDGE_CURVE('',#1651,#1660,#104,.T.);
#2061=EDGE_CURVE('',#1660,#1658,#108,.T.);
#2071=EDGE_CURVE('',#1647,#1648,#172,.T.);
#2074=EDGE_CURVE('',#1658,#1654,#112,.T.);
#2076=EDGE_CURVE('',#1648,#1654,#308,.T.);
#2086=EDGE_CURVE('',#1567,#1568,#116,.T.);
#2088=EDGE_CURVE('',#1494,#1568,#224,.T.);
#2100=EDGE_CURVE('',#1583,#1584,#124,.T.);
#2102=EDGE_CURVE('',#1572,#1584,#240,.T.);
#2104=EDGE_CURVE('',#1571,#1572,#128,.T.);
#2115=EDGE_CURVE('',#1599,#1600,#136,.T.);
#2117=EDGE_CURVE('',#1588,#1600,#256,.T.);
#2119=EDGE_CURVE('',#1587,#1588,#140,.T.);
#2130=EDGE_CURVE('',#1615,#1616,#148,.T.);
#2132=EDGE_CURVE('',#1604,#1616,#272,.T.);
#2134=EDGE_CURVE('',#1603,#1604,#152,.T.);
#2145=EDGE_CURVE('',#1631,#1632,#160,.T.);
#2147=EDGE_CURVE('',#1620,#1632,#288,.T.);
#2149=EDGE_CURVE('',#1619,#1620,#164,.T.);
#2161=EDGE_CURVE('',#1636,#1648,#304,.T.);
#2163=EDGE_CURVE('',#1635,#1636,#176,.T.);
#2174=EDGE_CURVE('',#1651,#1652,#184,.T.);
#2177=EDGE_CURVE('',#1500,#1502,#1408,.T.);
#2179=EDGE_CURVE('',#1652,#1502,#320,.T.);
#2191=EDGE_CURVE('',#1578,#1574,#192,.T.);
#2193=EDGE_CURVE('',#1568,#1574,#228,.T.);
#2203=EDGE_CURVE('',#1576,#1574,#232,.T.);
#2207=EDGE_CURVE('',#1580,#1576,#196,.T.);
#2211=EDGE_CURVE('',#1555,#1552,#200,.T.);
#2213=EDGE_CURVE('',#1552,#1560,#204,.T.);
#2215=EDGE_CURVE('',#1563,#1560,#208,.T.);
#2217=EDGE_CURVE('',#1555,#1563,#212,.T.);
#2227=EDGE_CURVE('',#1871,#1872,#216,.T.);
#2229=EDGE_CURVE('',#1874,#1871,#220,.T.);
#2231=EDGE_CURVE('',#1507,#1874,#1328,.T.);
#2233=EDGE_CURVE('',#1527,#1507,#1300,.T.);
#2235=EDGE_CURVE('',#1496,#1527,#448,.T.);
#2241=EDGE_CURVE('',#1572,#1576,#236,.T.);
#2244=EDGE_CURVE('',#1584,#1590,#244,.T.);
#2246=EDGE_CURVE('',#1592,#1590,#248,.T.);
#2248=EDGE_CURVE('',#1588,#1592,#252,.T.);
#2251=EDGE_CURVE('',#1600,#1606,#260,.T.);
#2253=EDGE_CURVE('',#1608,#1606,#264,.T.);
#2255=EDGE_CURVE('',#1604,#1608,#268,.T.);
#2258=EDGE_CURVE('',#1616,#1622,#276,.T.);
#2260=EDGE_CURVE('',#1624,#1622,#280,.T.);
#2262=EDGE_CURVE('',#1620,#1624,#284,.T.);
#2265=EDGE_CURVE('',#1632,#1638,#292,.T.);
#2267=EDGE_CURVE('',#1640,#1638,#296,.T.);
#2269=EDGE_CURVE('',#1636,#1640,#300,.T.);
#2273=EDGE_CURVE('',#1656,#1654,#312,.T.);
#2275=EDGE_CURVE('',#1652,#1656,#316,.T.);
#2278=EDGE_CURVE('',#1502,#1504,#1404,.T.);
#2280=EDGE_CURVE('',#1531,#1504,#444,.T.);
#2282=EDGE_CURVE('',#1531,#1517,#1392,.T.);
#2284=EDGE_CURVE('',#1876,#1517,#1336,.T.);
#2286=EDGE_CURVE('',#1876,#1872,#324,.T.);
#2296=EDGE_CURVE('',#1528,#1894,#424,.T.);
#2298=EDGE_CURVE('',#1871,#1894,#428,.T.);
#2301=EDGE_CURVE('',#1896,#1872,#432,.T.);
#2303=EDGE_CURVE('',#1896,#1532,#436,.T.);
#2305=EDGE_CURVE('',#1531,#1532,#440,.T.);
#2308=EDGE_CURVE('',#1504,#1499,#1400,.T.);
#2313=EDGE_CURVE('',#1527,#1528,#452,.T.);
#2317=EDGE_CURVE('',#1671,#1672,#344,.T.);
#2319=EDGE_CURVE('',#1671,#1675,#348,.T.);
#2321=EDGE_CURVE('',#1675,#1676,#352,.T.);
#2323=EDGE_CURVE('',#1672,#1676,#356,.T.);
#2327=EDGE_CURVE('',#1703,#1704,#360,.T.);
#2329=EDGE_CURVE('',#1703,#1707,#364,.T.);
#2331=EDGE_CURVE('',#1707,#1708,#368,.T.);
#2333=EDGE_CURVE('',#1704,#1708,#372,.T.);
#2337=EDGE_CURVE('',#1735,#1736,#376,.T.);
#2339=EDGE_CURVE('',#1735,#1739,#380,.T.);
#2341=EDGE_CURVE('',#1739,#1740,#384,.T.);
#2343=EDGE_CURVE('',#1736,#1740,#388,.T.);
#2347=EDGE_CURVE('',#1767,#1768,#392,.T.);
#2349=EDGE_CURVE('',#1767,#1771,#396,.T.);
#2351=EDGE_CURVE('',#1771,#1772,#400,.T.);
#2353=EDGE_CURVE('',#1768,#1772,#404,.T.);
#2357=EDGE_CURVE('',#1931,#1932,#408,.T.);
#2359=EDGE_CURVE('',#1931,#1935,#412,.T.);
#2361=EDGE_CURVE('',#1935,#1936,#416,.T.);
#2363=EDGE_CURVE('',#1932,#1936,#420,.T.);
#2367=EDGE_CURVE('',#1543,#1544,#328,.T.);
#2369=EDGE_CURVE('',#1543,#1547,#332,.T.);
#2371=EDGE_CURVE('',#1547,#1548,#336,.T.);
#2373=EDGE_CURVE('',#1544,#1548,#340,.T.);
#2384=EDGE_CURVE('',#1544,#1535,#456,.T.);
#2386=EDGE_CURVE('',#1535,#1536,#460,.T.);
#2388=EDGE_CURVE('',#1536,#1543,#464,.T.);
#2398=EDGE_CURVE('',#1551,#1552,#468,.T.);
#2401=EDGE_CURVE('',#1555,#1556,#472,.T.);
#2403=EDGE_CURVE('',#1556,#1790,#477,.T.);
#2405=EDGE_CURVE('',#1790,#1792,#481,.T.);
#2407=EDGE_CURVE('',#1792,#1794,#485,.T.);
#2409=EDGE_CURVE('',#1794,#1796,#489,.T.);
#2411=EDGE_CURVE('',#1796,#1551,#494,.T.);
#2422=EDGE_CURVE('',#1548,#1539,#506,.T.);
#2424=EDGE_CURVE('',#1535,#1539,#544,.T.);
#2436=EDGE_CURVE('',#1540,#1547,#498,.T.);
#2438=EDGE_CURVE('',#1539,#1540,#502,.T.);
#2449=EDGE_CURVE('',#1559,#1560,#510,.T.);
#2451=EDGE_CURVE('',#1804,#1559,#515,.T.);
#2453=EDGE_CURVE('',#1802,#1804,#519,.T.);
#2455=EDGE_CURVE('',#1800,#1802,#523,.T.);
#2457=EDGE_CURVE('',#1798,#1800,#527,.T.);
#2459=EDGE_CURVE('',#1564,#1798,#532,.T.);
#2461=EDGE_CURVE('',#1563,#1564,#536,.T.);
#2474=EDGE_CURVE('',#1536,#1540,#540,.T.);
#2498=EDGE_CURVE('',#1551,#1559,#548,.T.);
#2511=EDGE_CURVE('',#1796,#1804,#552,.T.);
#2524=EDGE_CURVE('',#1794,#1802,#556,.T.);
#2537=EDGE_CURVE('',#1792,#1800,#560,.T.);
#2550=EDGE_CURVE('',#1790,#1798,#564,.T.);
#2563=EDGE_CURVE('',#1556,#1564,#568,.T.);
#2588=EDGE_CURVE('',#1672,#1663,#572,.T.);
#2590=EDGE_CURVE('',#1663,#1664,#576,.T.);
#2592=EDGE_CURVE('',#1664,#1671,#580,.T.);
#2602=EDGE_CURVE('',#1679,#1680,#668,.T.);
#2604=EDGE_CURVE('',#1679,#1688,#584,.T.);
#2606=EDGE_CURVE('',#1688,#1806,#589,.T.);
#2608=EDGE_CURVE('',#1806,#1808,#593,.T.);
#2610=EDGE_CURVE('',#1808,#1810,#597,.T.);
#2612=EDGE_CURVE('',#1810,#1812,#601,.T.);
#2614=EDGE_CURVE('',#1812,#1686,#606,.T.);
#2616=EDGE_CURVE('',#1686,#1680,#610,.T.);
#2627=EDGE_CURVE('',#1676,#1667,#622,.T.);
#2629=EDGE_CURVE('',#1663,#1667,#660,.T.);
#2641=EDGE_CURVE('',#1668,#1675,#614,.T.);
#2643=EDGE_CURVE('',#1667,#1668,#618,.T.);
#2654=EDGE_CURVE('',#1683,#1684,#676,.T.);
#2656=EDGE_CURVE('',#1690,#1684,#626,.T.);
#2658=EDGE_CURVE('',#1820,#1690,#631,.T.);
#2660=EDGE_CURVE('',#1818,#1820,#635,.T.);
#2662=EDGE_CURVE('',#1816,#1818,#639,.T.);
#2664=EDGE_CURVE('',#1814,#1816,#643,.T.);
#2666=EDGE_CURVE('',#1692,#1814,#648,.T.);
#2668=EDGE_CURVE('',#1683,#1692,#652,.T.);
#2680=EDGE_CURVE('',#1664,#1668,#656,.T.);
#2704=EDGE_CURVE('',#1594,#1590,#684,.T.);
#2707=EDGE_CURVE('',#1596,#1592,#664,.T.);
#2712=EDGE_CURVE('',#1680,#1684,#672,.T.);
#2715=EDGE_CURVE('',#1679,#1683,#680,.T.);
#2751=EDGE_CURVE('',#1686,#1690,#688,.T.);
#2763=EDGE_CURVE('',#1812,#1820,#692,.T.);
#2776=EDGE_CURVE('',#1810,#1818,#696,.T.);
#2789=EDGE_CURVE('',#1808,#1816,#700,.T.);
#2802=EDGE_CURVE('',#1806,#1814,#704,.T.);
#2815=EDGE_CURVE('',#1688,#1692,#708,.T.);
#2840=EDGE_CURVE('',#1704,#1695,#712,.T.);
#2842=EDGE_CURVE('',#1695,#1696,#716,.T.);
#2844=EDGE_CURVE('',#1696,#1703,#720,.T.);
#2854=EDGE_CURVE('',#1711,#1712,#808,.T.);
#2856=EDGE_CURVE('',#1711,#1720,#724,.T.);
#2858=EDGE_CURVE('',#1720,#1822,#729,.T.);
#2860=EDGE_CURVE('',#1822,#1824,#733,.T.);
#2862=EDGE_CURVE('',#1824,#1826,#737,.T.);
#2864=EDGE_CURVE('',#1826,#1828,#741,.T.);
#2866=EDGE_CURVE('',#1828,#1718,#746,.T.);
#2868=EDGE_CURVE('',#1718,#1712,#750,.T.);
#2879=EDGE_CURVE('',#1708,#1699,#762,.T.);
#2881=EDGE_CURVE('',#1695,#1699,#800,.T.);
#2893=EDGE_CURVE('',#1700,#1707,#754,.T.);
#2895=EDGE_CURVE('',#1699,#1700,#758,.T.);
#2906=EDGE_CURVE('',#1715,#1716,#816,.T.);
#2908=EDGE_CURVE('',#1722,#1716,#766,.T.);
#2910=EDGE_CURVE('',#1836,#1722,#771,.T.);
#2912=EDGE_CURVE('',#1834,#1836,#775,.T.);
#2914=EDGE_CURVE('',#1832,#1834,#779,.T.);
#2916=EDGE_CURVE('',#1830,#1832,#783,.T.);
#2918=EDGE_CURVE('',#1724,#1830,#788,.T.);
#2920=EDGE_CURVE('',#1715,#1724,#792,.T.);
#2932=EDGE_CURVE('',#1696,#1700,#796,.T.);
#2956=EDGE_CURVE('',#1610,#1606,#824,.T.);
#2959=EDGE_CURVE('',#1612,#1608,#804,.T.);
#2964=EDGE_CURVE('',#1712,#1716,#812,.T.);
#2967=EDGE_CURVE('',#1711,#1715,#820,.T.);
#3003=EDGE_CURVE('',#1718,#1722,#828,.T.);
#3015=EDGE_CURVE('',#1828,#1836,#832,.T.);
#3028=EDGE_CURVE('',#1826,#1834,#836,.T.);
#3041=EDGE_CURVE('',#1824,#1832,#840,.T.);
#3054=EDGE_CURVE('',#1822,#1830,#844,.T.);
#3067=EDGE_CURVE('',#1720,#1724,#848,.T.);
#3092=EDGE_CURVE('',#1736,#1727,#852,.T.);
#3094=EDGE_CURVE('',#1727,#1728,#856,.T.);
#3096=EDGE_CURVE('',#1728,#1735,#860,.T.);
#3106=EDGE_CURVE('',#1743,#1744,#948,.T.);
#3108=EDGE_CURVE('',#1743,#1752,#864,.T.);
#3110=EDGE_CURVE('',#1752,#1838,#869,.T.);
#3112=EDGE_CURVE('',#1838,#1840,#873,.T.);
#3114=EDGE_CURVE('',#1840,#1842,#877,.T.);
#3116=EDGE_CURVE('',#1842,#1844,#881,.T.);
#3118=EDGE_CURVE('',#1844,#1750,#886,.T.);
#3120=EDGE_CURVE('',#1750,#1744,#890,.T.);
#3131=EDGE_CURVE('',#1740,#1731,#902,.T.);
#3133=EDGE_CURVE('',#1727,#1731,#940,.T.);
#3145=EDGE_CURVE('',#1732,#1739,#894,.T.);
#3147=EDGE_CURVE('',#1731,#1732,#898,.T.);
#3158=EDGE_CURVE('',#1747,#1748,#956,.T.);
#3160=EDGE_CURVE('',#1754,#1748,#906,.T.);
#3162=EDGE_CURVE('',#1852,#1754,#911,.T.);
#3164=EDGE_CURVE('',#1850,#1852,#915,.T.);
#3166=EDGE_CURVE('',#1848,#1850,#919,.T.);
#3168=EDGE_CURVE('',#1846,#1848,#923,.T.);
#3170=EDGE_CURVE('',#1756,#1846,#928,.T.);
#3172=EDGE_CURVE('',#1747,#1756,#932,.T.);
#3184=EDGE_CURVE('',#1728,#1732,#936,.T.);
#3208=EDGE_CURVE('',#1626,#1622,#964,.T.);
#3211=EDGE_CURVE('',#1628,#1624,#944,.T.);
#3216=EDGE_CURVE('',#1744,#1748,#952,.T.);
#3219=EDGE_CURVE('',#1743,#1747,#960,.T.);
#3255=EDGE_CURVE('',#1750,#1754,#968,.T.);
#3267=EDGE_CURVE('',#1844,#1852,#972,.T.);
#3280=EDGE_CURVE('',#1842,#1850,#976,.T.);
#3293=EDGE_CURVE('',#1840,#1848,#980,.T.);
#3306=EDGE_CURVE('',#1838,#1846,#984,.T.);
#3319=EDGE_CURVE('',#1752,#1756,#988,.T.);
#3344=EDGE_CURVE('',#1768,#1759,#992,.T.);
#3346=EDGE_CURVE('',#1759,#1760,#996,.T.);
#3348=EDGE_CURVE('',#1760,#1767,#1000,.T.);
#3358=EDGE_CURVE('',#1775,#1776,#1088,.T.);
#3360=EDGE_CURVE('',#1775,#1784,#1004,.T.);
#3362=EDGE_CURVE('',#1784,#1854,#1009,.T.);
#3364=EDGE_CURVE('',#1854,#1856,#1013,.T.);
#3366=EDGE_CURVE('',#1856,#1858,#1017,.T.);
#3368=EDGE_CURVE('',#1858,#1860,#1021,.T.);
#3370=EDGE_CURVE('',#1860,#1782,#1026,.T.);
#3372=EDGE_CURVE('',#1782,#1776,#1030,.T.);
#3383=EDGE_CURVE('',#1772,#1763,#1042,.T.);
#3385=EDGE_CURVE('',#1759,#1763,#1080,.T.);
#3397=EDGE_CURVE('',#1764,#1771,#1034,.T.);
#3399=EDGE_CURVE('',#1763,#1764,#1038,.T.);
#3410=EDGE_CURVE('',#1779,#1780,#1096,.T.);
#3412=EDGE_CURVE('',#1786,#1780,#1046,.T.);
#3414=EDGE_CURVE('',#1868,#1786,#1051,.T.);
#3416=EDGE_CURVE('',#1866,#1868,#1055,.T.);
#3418=EDGE_CURVE('',#1864,#1866,#1059,.T.);
#3420=EDGE_CURVE('',#1862,#1864,#1063,.T.);
#3422=EDGE_CURVE('',#1788,#1862,#1068,.T.);
#3424=EDGE_CURVE('',#1779,#1788,#1072,.T.);
#3436=EDGE_CURVE('',#1760,#1764,#1076,.T.);
#3460=EDGE_CURVE('',#1642,#1638,#1104,.T.);
#3463=EDGE_CURVE('',#1644,#1640,#1084,.T.);
#3468=EDGE_CURVE('',#1776,#1780,#1092,.T.);
#3471=EDGE_CURVE('',#1775,#1779,#1100,.T.);
#3507=EDGE_CURVE('',#1782,#1786,#1108,.T.);
#3519=EDGE_CURVE('',#1860,#1868,#1112,.T.);
#3532=EDGE_CURVE('',#1858,#1866,#1116,.T.);
#3545=EDGE_CURVE('',#1856,#1864,#1120,.T.);
#3558=EDGE_CURVE('',#1854,#1862,#1124,.T.);
#3571=EDGE_CURVE('',#1784,#1788,#1128,.T.);
#3596=EDGE_CURVE('',#1932,#1899,#1132,.T.);
#3598=EDGE_CURVE('',#1899,#1900,#1136,.T.);
#3600=EDGE_CURVE('',#1900,#1931,#1140,.T.);
#3610=EDGE_CURVE('',#1939,#1940,#1228,.T.);
#3612=EDGE_CURVE('',#1939,#1903,#1144,.T.);
#3614=EDGE_CURVE('',#1903,#1904,#1149,.T.);
#3616=EDGE_CURVE('',#1904,#1906,#1153,.T.);
#3618=EDGE_CURVE('',#1906,#1908,#1157,.T.);
#3620=EDGE_CURVE('',#1908,#1910,#1161,.T.);
#3622=EDGE_CURVE('',#1910,#1912,#1166,.T.);
#3624=EDGE_CURVE('',#1912,#1940,#1170,.T.);
#3635=EDGE_CURVE('',#1936,#1915,#1182,.T.);
#3637=EDGE_CURVE('',#1899,#1915,#1220,.T.);
#3649=EDGE_CURVE('',#1916,#1935,#1174,.T.);
#3651=EDGE_CURVE('',#1915,#1916,#1178,.T.);
#3662=EDGE_CURVE('',#1943,#1944,#1236,.T.);
#3664=EDGE_CURVE('',#1928,#1944,#1186,.T.);
#3666=EDGE_CURVE('',#1926,#1928,#1191,.T.);
#3668=EDGE_CURVE('',#1924,#1926,#1195,.T.);
#3670=EDGE_CURVE('',#1922,#1924,#1199,.T.);
#3672=EDGE_CURVE('',#1920,#1922,#1203,.T.);
#3674=EDGE_CURVE('',#1919,#1920,#1208,.T.);
#3676=EDGE_CURVE('',#1943,#1919,#1212,.T.);
#3688=EDGE_CURVE('',#1900,#1916,#1216,.T.);
#3714=EDGE_CURVE('',#1660,#1656,#1224,.T.);
#3719=EDGE_CURVE('',#1940,#1944,#1232,.T.);
#3722=EDGE_CURVE('',#1939,#1943,#1240,.T.);
#3746=EDGE_CURVE('',#1912,#1928,#1244,.T.);
#3758=EDGE_CURVE('',#1910,#1926,#1248,.T.);
#3771=EDGE_CURVE('',#1908,#1924,#1252,.T.);
#3784=EDGE_CURVE('',#1906,#1922,#1256,.T.);
#3797=EDGE_CURVE('',#1904,#1920,#1260,.T.);
#3810=EDGE_CURVE('',#1903,#1919,#1264,.T.);
#3834=EDGE_CURVE('',#1890,#1894,#1268,.T.);
#3837=EDGE_CURVE('',#1514,#1528,#1320,.T.);
#3839=EDGE_CURVE('',#1514,#1890,#1272,.T.);
#3849=EDGE_CURVE('',#1892,#1896,#1276,.T.);
#3851=EDGE_CURVE('',#1892,#1524,#1280,.T.);
#3853=EDGE_CURVE('',#1524,#1532,#1372,.T.);
#3867=EDGE_CURVE('',#1886,#1890,#1284,.T.);
#3869=EDGE_CURVE('',#1882,#1886,#1356,.T.);
#3871=EDGE_CURVE('',#1878,#1882,#1340,.T.);
#3873=EDGE_CURVE('',#1874,#1878,#1324,.T.);
#3885=EDGE_CURVE('',#1512,#1514,#1316,.T.);
#3887=EDGE_CURVE('',#1512,#1886,#1288,.T.);
#3897=EDGE_CURVE('',#1888,#1892,#1292,.T.);
#3899=EDGE_CURVE('',#1888,#1522,#1296,.T.);
#3901=EDGE_CURVE('',#1522,#1524,#1376,.T.);
#3914=EDGE_CURVE('',#1507,#1508,#1304,.T.);
#3916=EDGE_CURVE('',#1508,#1510,#1308,.T.);
#3918=EDGE_CURVE('',#1510,#1512,#1312,.T.);
#3931=EDGE_CURVE('',#1508,#1878,#1344,.T.);
#3943=EDGE_CURVE('',#1876,#1880,#1332,.T.);
#3946=EDGE_CURVE('',#1517,#1518,#1388,.T.);
#3948=EDGE_CURVE('',#1880,#1518,#1352,.T.);
#3959=EDGE_CURVE('',#1510,#1882,#1360,.T.);
#3971=EDGE_CURVE('',#1880,#1884,#1348,.T.);
#3974=EDGE_CURVE('',#1518,#1520,#1384,.T.);
#3976=EDGE_CURVE('',#1884,#1520,#1368,.T.);
#3998=EDGE_CURVE('',#1884,#1888,#1364,.T.);
#4001=EDGE_CURVE('',#1520,#1522,#1380,.T.);
#4048=EDGE_CURVE('',#1971,#1972,#1412,.T.);
#4050=EDGE_CURVE('',#1972,#1976,#1416,.T.);
#4052=EDGE_CURVE('',#1975,#1976,#1420,.T.);
#4054=EDGE_CURVE('',#1971,#1975,#1424,.T.);
#4065=EDGE_CURVE('',#1947,#1964,#1428,.T.);
#4067=EDGE_CURVE('',#1947,#1948,#1432,.T.);
#4069=EDGE_CURVE('',#1963,#1948,#1436,.T.);
#4080=EDGE_CURVE('',#1951,#1971,#1440,.T.);
#4082=EDGE_CURVE('',#1951,#1952,#1444,.T.);
#4084=EDGE_CURVE('',#1972,#1952,#1448,.T.);
#4095=EDGE_CURVE('',#1955,#1968,#1464,.T.);
#4097=EDGE_CURVE('',#1955,#1947,#1452,.T.);
#4109=EDGE_CURVE('',#1967,#1956,#1456,.T.);
#4111=EDGE_CURVE('',#1955,#1956,#1460,.T.);
#4123=EDGE_CURVE('',#1976,#1960,#1468,.T.);
#4125=EDGE_CURVE('',#1959,#1960,#1472,.T.);
#4127=EDGE_CURVE('',#1959,#1975,#1476,.T.);
#4139=EDGE_CURVE('',#1956,#1948,#1480,.T.);
#4164=EDGE_CURVE('',#1960,#1952,#1484,.T.);
#4176=EDGE_CURVE('',#1959,#1951,#1488,.T.);
#4217=CIRCLE('',#4216,2.E-2);
#4218=TRIMMED_CURVE('',#4217,(PARAMETER_VALUE(0.E0)),(PARAMETER_VALUE(1.8E2)),
.T.,.UNSPECIFIED.);
#4219=COMPOSITE_CURVE_SEGMENT(.CONTINUOUS.,.T.,#4218);
#4224=CIRCLE('',#4223,2.E-2);
#4225=TRIMMED_CURVE('',#4224,(PARAMETER_VALUE(0.E0)),(PARAMETER_VALUE(1.8E2)),
.T.,.UNSPECIFIED.);
#4226=COMPOSITE_CURVE_SEGMENT(.CONTINUOUS.,.T.,#4225);
#4227=COMPOSITE_CURVE('',(#4219,#4226),.F.);
#4233=CIRCLE('',#4232,2.E-2);
#4234=TRIMMED_CURVE('',#4233,(PARAMETER_VALUE(0.E0)),(PARAMETER_VALUE(1.8E2)),
.T.,.UNSPECIFIED.);
#4235=COMPOSITE_CURVE_SEGMENT(.CONTINUOUS.,.T.,#4234);
#4240=CIRCLE('',#4239,2.E-2);
#4241=TRIMMED_CURVE('',#4240,(PARAMETER_VALUE(0.E0)),(PARAMETER_VALUE(1.8E2)),
.T.,.UNSPECIFIED.);
#4242=COMPOSITE_CURVE_SEGMENT(.CONTINUOUS.,.T.,#4241);
#4243=COMPOSITE_CURVE('',(#4235,#4242),.F.);
#4248=CIRCLE('',#4247,2.E-2);
#4249=TRIMMED_CURVE('',#4248,(PARAMETER_VALUE(0.E0)),(PARAMETER_VALUE(1.8E2)),
.T.,.UNSPECIFIED.);
#4250=COMPOSITE_CURVE_SEGMENT(.CONTINUOUS.,.T.,#4249);
#4255=CIRCLE('',#4254,2.E-2);
#4256=TRIMMED_CURVE('',#4255,(PARAMETER_VALUE(0.E0)),(PARAMETER_VALUE(1.8E2)),
.T.,.UNSPECIFIED.);
#4257=COMPOSITE_CURVE_SEGMENT(.CONTINUOUS.,.T.,#4256);
#4258=COMPOSITE_CURVE('',(#4250,#4257),.F.);
#4263=CIRCLE('',#4262,2.E-2);
#4264=TRIMMED_CURVE('',#4263,(PARAMETER_VALUE(0.E0)),(PARAMETER_VALUE(1.8E2)),
.T.,.UNSPECIFIED.);
#4265=COMPOSITE_CURVE_SEGMENT(.CONTINUOUS.,.T.,#4264);
#4270=CIRCLE('',#4269,2.E-2);
#4271=TRIMMED_CURVE('',#4270,(PARAMETER_VALUE(0.E0)),(PARAMETER_VALUE(1.8E2)),
.T.,.UNSPECIFIED.);
#4272=COMPOSITE_CURVE_SEGMENT(.CONTINUOUS.,.T.,#4271);
#4273=COMPOSITE_CURVE('',(#4265,#4272),.F.);
#4278=CIRCLE('',#4277,2.E-2);
#4279=TRIMMED_CURVE('',#4278,(PARAMETER_VALUE(0.E0)),(PARAMETER_VALUE(1.8E2)),
.T.,.UNSPECIFIED.);
#4280=COMPOSITE_CURVE_SEGMENT(.CONTINUOUS.,.T.,#4279);
#4285=CIRCLE('',#4284,2.E-2);
#4286=TRIMMED_CURVE('',#4285,(PARAMETER_VALUE(0.E0)),(PARAMETER_VALUE(1.8E2)),
.T.,.UNSPECIFIED.);
#4287=COMPOSITE_CURVE_SEGMENT(.CONTINUOUS.,.T.,#4286);
#4288=COMPOSITE_CURVE('',(#4280,#4287),.F.);
#4293=CIRCLE('',#4292,2.E-2);
#4294=TRIMMED_CURVE('',#4293,(PARAMETER_VALUE(0.E0)),(PARAMETER_VALUE(1.8E2)),
.T.,.UNSPECIFIED.);
#4295=COMPOSITE_CURVE_SEGMENT(.CONTINUOUS.,.T.,#4294);
#4300=CIRCLE('',#4299,2.E-2);
#4301=TRIMMED_CURVE('',#4300,(PARAMETER_VALUE(0.E0)),(PARAMETER_VALUE(1.8E2)),
.T.,.UNSPECIFIED.);
#4302=COMPOSITE_CURVE_SEGMENT(.CONTINUOUS.,.T.,#4301);
#4303=COMPOSITE_CURVE('',(#4295,#4302),.F.);
#4309=(LENGTH_UNIT()NAMED_UNIT(*)SI_UNIT(.MILLI.,.METRE.));
#4313=(NAMED_UNIT(*)PLANE_ANGLE_UNIT()SI_UNIT($,.RADIAN.));
#4316=(NAMED_UNIT(*)SI_UNIT($,.STERADIAN.)SOLID_ANGLE_UNIT());
#4319=ADVANCED_BREP_SHAPE_REPRESENTATION('',(#4208),#4318);
#4320=GEOMETRICALLY_BOUNDED_SURFACE_SHAPE_REPRESENTATION('',(#4228),#4318);
#4321=SHAPE_REPRESENTATION('',(#4212,#4307),#4318);
#4330=PRODUCT_DEFINITION('design','',#4329,#4326);
#4331=PRODUCT_DEFINITION_SHAPE('','SHAPE FOR 022053061.',#4330);
#4332=SHAPE_DEFINITION_REPRESENTATION(#4331,#4321);
ENDSEC;
END-ISO-10303-21;
